Download Time:2026/07/17 12:49:42,Search Date:2021/01/02 - 2023/06/01 
Origin Time,Latitude[degree],Longitude[degree],Depth[km],Magnitude,Max Acc[gal],Max Vel[cm/s],Seismic Intensity,Number of stations
2023/06/01 11:28:00,29.9370,130.0020,11,4.3,7.3,0.1,0.8,2
2023/06/01 00:03:30,38.7150,142.2720,41,4.1,13.9,0.3,1.2,39
2023/06/01 00:03:00,37.5100,137.3920,5,3.7,10.2,0.7,2.2,4
2023/05/30 22:52:00,37.5120,141.7300,44,3.9,9.9,0.2,1.2,37
2023/05/30 20:16:00,32.6520,130.6830,12,3.8,60.6,2.6,3.4,50
2023/05/30 19:24:00,37.4600,137.2680,9,2.6,25.5,0.6,1.6,3
2023/05/30 17:49:00,37.5100,137.3900,4,4.6,115.4,4.9,3.8,30
2023/05/29 20:52:00,44.8370,142.1350,0,2.0,26.0,0.5,1.7,2
2023/05/28 21:04:00,34.4430,139.2830,12,2.8,17.5,0.3,1.7,1
2023/05/28 06:39:00,35.8100,140.9380,27,3.4,8.3,0.4,0.9,12
2023/05/27 22:52:00,29.9430,129.9700,12,4.6,11.0,0.2,1.2,2
2023/05/27 22:49:00,35.6400,140.7020,49,4.1,10.9,0.4,1.8,21
2023/05/26 23:44:00,35.6470,140.6680,50,3.4,8.1,0.4,1.2,15
2023/05/26 21:01:00,35.6500,140.7650,48,4.4,13.2,0.6,1.9,41
2023/05/26 19:03:00,35.6400,140.6720,50,6.2,184.8,16.1,4.6,397
2023/05/26 05:10:00,34.4950,139.2170,11,2.3,3.2,0.1,0.5,1
2023/05/25 09:15:00,42.0880,142.5720,67,4.2,14.7,0.4,2.2,65
2023/05/24 02:22:00,34.5020,139.2170,11,2.9,9.5,0.2,1.3,2
2023/05/24 01:31:00,34.4850,139.2120,9,4.1,28.3,1.0,2.7,4
2023/05/23 17:21:00,34.0070,134.8020,46,4.0,22.8,0.5,2.0,70
2023/05/23 11:22:00,34.4480,139.2070,10,2.9,14.0,0.4,1.8,1
2023/05/23 08:06:00,34.4720,139.2350,9,3.0,22.2,0.7,2.3,1
2023/05/23 05:53:00,34.4830,139.2220,14,3.0,46.3,0.7,2.5,4
2023/05/23 04:31:00,34.4980,139.2200,12,4.0,30.2,1.0,2.7,8
2023/05/23 00:01:00,34.4500,139.2700,12,2.9,20.1,0.4,2.1,1
2023/05/22 22:58:00,42.8870,144.5380,45,3.8,12.8,0.3,1.4,22
2023/05/22 21:25:00,34.4900,139.2170,11,2.6,5.1,0.1,0.8,1
2023/05/22 19:48:00,37.4520,137.2500,11,3.0,21.4,0.4,1.7,4
2023/05/22 19:46:00,34.4650,139.2430,11,5.1,189.3,6.7,4.3,39
2023/05/22 17:27:00,34.4880,139.2130,10,4.1,15.4,0.6,2.2,2
2023/05/22 16:58:00,34.4770,139.2170,12,2.9,17.5,0.4,1.8,1
2023/05/22 16:46:00,34.4850,139.2120,13,3.1,18.2,0.5,2.1,1
2023/05/22 16:44:00,34.4950,139.2000,10,3.8,9.0,0.2,1.0,1
2023/05/22 16:42:00,34.4750,139.2170,11,5.3,178.8,8.2,4.3,87
2023/05/22 12:10:00,34.4820,139.2150,11,2.9,10.9,0.2,1.3,1
2023/05/22 10:53:00,34.4870,139.2170,12,4.2,63.8,1.3,3.0,10
2023/05/22 09:51:00,37.4520,137.2480,11,3.0,32.9,0.7,2.0,3
2023/05/22 08:18:00,37.7550,141.6900,62,4.0,10.3,0.4,1.5,26
2023/05/22 07:20:00,29.7470,129.4520,191,5.4,12.4,0.9,2.5,51
2023/05/22 00:20:00,37.6080,137.2870,11,4.0,12.9,0.3,1.7,16
2023/05/21 18:39:00,43.5930,146.7100,39,4.7,17.8,0.4,2.1,32
2023/05/21 11:21:00,39.6300,142.1020,49,3.5,15.1,0.3,1.5,19
2023/05/21 10:38:00,40.7220,141.1880,14,2.8,6.7,0.2,1.1,5
2023/05/21 04:37:00,35.8730,140.4970,38,3.4,21.6,0.4,1.6,25
2023/05/20 23:11:00,34.9600,140.2180,79,4.2,13.2,0.5,1.8,64
2023/05/19 06:56:00,33.2380,132.2220,46,4.5,41.0,1.4,2.7,143
2023/05/18 19:49:00,37.4580,137.2550,10,3.6,154.5,2.9,3.2,6
2023/05/16 19:21:00,36.4700,140.6300,67,3.8,38.7,0.8,2.5,66
2023/05/15 09:04:00,37.5330,137.1880,9,2.9,23.1,0.5,1.6,2
2023/05/15 01:22:00,33.4500,139.3170,24,5.2,6.4,0.3,1.5,9
2023/05/14 23:03:00,33.3350,139.3130,16,5.5,5.2,0.4,1.5,6
2023/05/14 19:11:00,33.4200,139.2830,19,5.9,14.6,1.2,2.3,17
2023/05/14 17:21:00,33.3480,139.2780,12,5.9,10.9,1.0,2.4,24
2023/05/14 17:12:00,33.3670,139.3120,17,5.6,7.2,0.8,2.2,19
2023/05/13 16:10:00,29.9270,130.0150,12,5.1,9.3,0.3,1.6,7
2023/05/12 21:45:00,33.4820,132.4020,42,4.2,60.6,1.2,2.7,132
2023/05/12 17:40:00,37.5100,137.2480,12,3.3,12.6,0.4,1.5,5
2023/05/11 22:33:00,24.2270,125.2450,33,5.9,29.8,1.6,2.7,5
2023/05/11 19:41:00,35.8670,140.5180,40,3.7,15.4,0.3,1.5,31
2023/05/11 18:52:00,42.3730,143.0070,55,5.5,86.9,2.5,3.5,229
2023/05/11 12:11:00,29.9200,130.0420,13,4.3,3.8,0.1,0.1,1
2023/05/11 06:58:00,37.5420,137.2080,8,3.3,25.5,0.5,1.8,4
2023/05/11 04:16:00,35.1700,140.1850,40,5.2,268.5,23.6,4.9,262
2023/05/10 21:54:00,37.6520,137.2880,13,5.0,75.7,3.5,3.8,52
2023/05/10 17:29:00,37.4320,137.3220,6,2.9,49.8,1.5,2.4,3
2023/05/10 11:21:00,35.7250,139.9950,66,3.9,25.0,0.6,2.2,139
2023/05/10 07:14:00,37.6000,137.2850,12,4.9,176.5,8.2,4.2,109
2023/05/10 03:02:00,39.8680,142.2770,32,4.2,34.8,0.7,2.3,56
2023/05/10 02:40:00,32.8020,130.8880,6,3.1,10.1,0.4,1.9,8
2023/05/09 21:32:00,39.6330,142.1030,49,3.8,41.3,1.0,2.1,31
2023/05/09 13:22:00,40.9750,142.0100,59,3.8,9.3,0.2,1.2,15
2023/05/09 11:05:00,37.5900,137.2520,9,4.2,39.0,1.4,2.8,14
2023/05/09 05:16:00,37.5250,137.3170,14,4.4,189.9,4.4,3.3,36
2023/05/09 05:14:00,37.5200,137.3100,15,4.7,410.0,16.7,4.5,114
2023/05/08 14:56:00,37.5270,137.3020,13,3.8,49.0,1.1,2.4,12
2023/05/08 11:45:00,37.5330,137.3130,13,3.5,30.0,0.5,1.9,6
2023/05/07 18:56:00,39.1020,140.4880,2,2.7,61.8,0.6,1.7,5
2023/05/07 03:04:00,37.5000,137.2250,12,3.1,14.9,0.3,1.5,5
2023/05/06 23:54:00,37.5900,137.2770,12,4.1,41.8,1.6,2.6,25
2023/05/06 08:48:00,37.5280,137.2770,11,3.1,14.9,0.4,1.5,5
2023/05/06 02:47:00,41.4730,142.0850,56,5.7,44.0,1.7,3.2,261
2023/05/06 01:02:00,37.5480,137.2480,12,3.6,22.3,0.8,2.1,6
2023/05/06 01:01:00,42.9430,146.2620,41,4.4,20.6,0.5,2.1,20
2023/05/05 23:26:00,37.5300,137.2530,12,3.9,37.8,1.0,2.3,13
2023/05/05 23:18:00,37.5030,137.2130,14,4.3,176.9,6.3,4.0,44
2023/05/05 23:07:00,37.5250,137.2770,14,3.6,27.1,0.6,1.9,8
2023/05/05 22:51:00,37.5320,137.2570,13,3.8,42.3,1.6,2.6,18
2023/05/05 22:48:00,37.5370,137.2430,13,3.3,16.4,0.3,1.6,6
2023/05/05 22:46:00,37.5230,137.2330,14,3.5,51.5,1.1,2.5,7
2023/05/05 22:34:00,37.5180,137.2130,12,3.6,19.0,0.3,1.3,4
2023/05/05 22:33:00,37.5180,137.2200,13,4.0,67.4,1.9,3.2,15
2023/05/05 22:27:00,37.5230,137.2220,12,3.6,23.1,0.5,1.5,3
2023/05/05 22:26:00,37.5150,137.2180,13,4.1,59.1,2.2,3.0,16
2023/05/05 22:08:00,37.5220,137.2220,12,3.8,50.8,1.2,2.7,15
2023/05/05 22:05:00,37.5180,137.3080,14,3.3,47.2,1.0,2.0,3
2023/05/05 22:03:00,37.5330,137.2230,12,4.0,39.8,1.2,2.4,15
2023/05/05 22:02:00,37.5180,137.2130,13,3.5,35.9,0.8,2.2,5
2023/05/05 21:58:00,37.5250,137.2350,14,5.9,625.0,35.3,5.4,273
2023/05/05 21:37:00,34.9250,135.3850,12,3.0,54.1,0.7,1.8,11
2023/05/05 21:34:00,37.6000,137.2650,10,3.9,9.6,0.4,1.6,7
2023/05/05 21:25:00,39.3330,142.0830,48,4.5,100.8,2.1,3.4,82
2023/05/05 18:22:00,37.5230,137.3150,13,3.3,24.3,0.6,1.6,5
2023/05/05 17:46:00,37.5250,137.3200,13,3.4,24.0,0.6,1.8,6
2023/05/05 17:38:00,37.5430,137.3550,13,4.3,188.2,7.1,3.9,31
2023/05/05 16:11:00,37.5480,137.3200,12,3.6,46.1,0.9,2.2,10
2023/05/05 15:41:00,37.5200,137.2420,12,3.2,21.1,0.4,1.6,4
2023/05/05 15:14:00,37.5250,137.2520,11,3.4,39.6,0.7,2.1,5
2023/05/05 15:06:00,37.5380,137.3230,14,3.9,56.2,1.3,2.3,12
2023/05/05 15:05:00,37.5170,137.2830,13,3.2,47.9,0.5,1.5,4
2023/05/05 15:02:00,37.5270,137.2480,13,3.4,21.0,0.6,1.9,9
2023/05/05 14:59:00,37.5630,137.3430,12,3.5,19.6,0.5,1.7,6
2023/05/05 14:57:00,37.5500,137.3170,12,3.5,50.1,0.7,2.2,8
2023/05/05 14:56:00,37.5200,137.2170,12,3.5,6.9,0.1,0.8,3
2023/05/05 14:53:00,37.5250,137.2220,13,5.0,149.7,6.3,4.1,62
2023/05/05 14:47:00,37.5150,137.3230,13,4.0,25.8,0.4,1.8,13
2023/05/05 14:42:00,37.5380,137.3030,12,6.5,729.1,103.6,6.1,439
2023/05/03 05:34:00,36.6200,140.9980,46,4.0,27.5,0.6,2.0,83
2023/05/02 03:56:00,37.8480,141.6950,57,4.1,9.0,0.3,1.7,56
2023/05/01 16:59:00,26.0520,128.6730,30,5.3,4.6,0.4,1.8,6
2023/05/01 12:22:00,26.0480,128.7350,18,6.4,7.5,0.9,2.3,7
2023/05/01 08:58:00,42.0430,142.4600,71,4.2,7.3,0.3,1.6,45
2023/05/01 08:50:00,36.1930,141.1700,19,4.4,23.0,0.5,2.0,31
2023/05/01 07:15:00,33.9980,134.2300,44,3.3,11.1,0.2,1.0,34
2023/05/01 05:04:00,36.4370,140.6420,53,4.2,82.4,1.8,3.3,118
2023/05/01 01:37:00,27.5620,128.8370,16,3.3,13.8,0.4,1.9,1
2023/04/30 20:36:00,37.0450,139.3400,7,2.2,39.1,0.5,1.6,1
2023/04/30 18:52:00,35.6420,137.1880,10,3.7,400.9,5.1,2.9,52
2023/04/30 06:23:00,37.0750,139.3570,8,2.3,35.9,0.4,1.5,1
2023/04/29 09:16:00,32.3450,129.8550,13,3.7,12.1,0.4,1.6,19
2023/04/29 02:16:00,32.3470,129.8570,13,3.8,19.1,0.6,2.1,27
2023/04/28 09:38:00,41.4750,140.1950,8,2.9,82.6,1.8,3.1,6
2023/04/28 07:08:00,26.4450,128.2670,36,4.1,8.1,0.3,1.5,6
2023/04/27 22:43:00,37.0550,141.1620,49,4.0,34.1,0.8,2.0,75
2023/04/27 16:43:00,26.1230,128.6220,32,5.5,5.9,0.7,2.0,5
2023/04/27 04:17:00,36.0800,140.0950,51,3.4,13.1,0.3,1.6,46
2023/04/26 02:49:00,37.6880,141.6480,54,4.3,26.9,0.9,2.5,105
2023/04/25 22:31:00,39.9780,141.9520,51,4.1,214.7,2.7,3.4,72
2023/04/25 21:59:00,34.0270,135.2530,5,2.5,50.7,0.5,1.0,2
2023/04/25 14:31:00,37.0380,139.3720,7,2.2,72.0,0.6,1.6,1
2023/04/24 11:35:00,34.0270,135.2520,5,2.4,33.2,0.3,0.5,2
2023/04/23 21:45:00,34.0270,135.2550,5,2.5,18.7,0.2,0.5,2
2023/04/22 20:54:00,37.4730,137.2830,7,2.5,21.0,0.5,1.5,4
2023/04/22 19:42:00,41.8030,141.1620,5,2.5,11.4,0.2,1.5,1
2023/04/22 14:30:00,36.3830,140.6230,52,3.3,14.3,0.2,0.9,14
2023/04/22 10:41:00,37.2180,141.3830,29,4.2,12.4,0.4,1.6,70
2023/04/21 17:16:00,35.4330,136.7630,11,3.3,32.7,0.4,1.6,25
2023/04/20 12:33:00,37.4730,137.2870,7,3.2,78.4,1.9,2.8,4
2023/04/17 07:16:00,36.0250,137.5500,6,3.3,206.1,3.2,3.3,21
2023/04/17 02:25:00,37.1780,141.3980,46,4.8,81.3,2.5,3.3,137
2023/04/17 00:45:00,32.6550,130.6470,10,3.6,40.8,1.5,3.0,41
2023/04/15 11:40:00,39.1450,142.3950,45,4.3,38.5,0.7,2.0,63
2023/04/15 09:23:00,43.0880,145.5800,47,3.9,18.6,0.4,1.7,13
2023/04/15 00:59:00,35.0650,133.4180,11,2.9,11.2,0.2,0.8,11
2023/04/14 03:08:00,36.8120,138.6700,3,2.5,6.6,0.1,0.2,4
2023/04/13 06:54:00,34.0320,135.2430,3,2.3,12.7,0.2,0.3,2
2023/04/13 05:28:00,36.2470,140.9230,43,3.5,11.4,0.3,1.4,18
2023/04/12 17:46:00,37.0720,141.2050,48,4.0,38.1,0.9,2.5,65
2023/04/12 12:54:00,35.1720,132.7430,8,3.9,72.6,1.9,2.9,53
2023/04/12 05:10:00,35.6570,140.1080,70,3.9,10.6,0.3,1.5,81
2023/04/12 00:38:00,42.5870,143.7020,99,4.3,43.5,1.6,2.8,84
2023/04/10 03:45:00,24.3220,122.9570,49,5.0,14.8,0.4,1.7,3
2023/04/09 11:51:00,35.1120,137.2900,40,3.7,46.7,0.7,2.2,71
2023/04/09 02:11:00,43.7570,143.9550,11,2.7,23.6,0.3,1.8,4
2023/04/08 15:01:00,36.0630,139.4680,60,3.6,23.3,0.6,1.7,67
2023/04/07 21:46:00,36.7520,141.2750,75,4.0,25.4,0.7,2.2,85
2023/04/07 13:46:00,32.5330,130.6780,9,3.8,38.4,0.9,2.3,39
2023/04/05 06:24:00,35.0820,137.2870,39,3.7,23.9,0.4,2.0,92
2023/04/05 00:15:00,42.7570,145.0720,60,4.2,22.3,0.4,1.8,36
2023/04/04 23:00:00,30.5920,131.1470,30,3.8,11.5,0.4,1.6,3
2023/04/04 16:11:00,38.1720,141.6970,53,3.7,22.4,0.4,1.4,36
2023/04/02 17:34:00,36.4630,140.5950,55,3.8,57.2,1.1,2.7,95
2023/04/01 22:57:00,38.1770,141.7070,52,3.8,47.1,0.6,1.7,44
2023/04/01 22:23:00,32.7380,130.5950,11,3.1,27.3,0.5,1.6,8
2023/04/01 18:41:00,38.3000,138.8530,28,4.9,49.2,2.0,2.9,124
2023/04/01 06:06:00,35.7380,140.8000,10,3.6,19.9,0.5,1.5,18
2023/04/01 04:33:00,38.6630,142.1420,44,4.2,24.5,0.3,1.8,52
2023/04/01 00:29:00,41.1550,142.8650,28,4.8,20.2,0.7,2.2,65
2023/03/29 17:39:00,37.5170,137.3000,13,3.4,40.2,1.3,2.5,4
2023/03/29 12:42:00,37.5170,137.2980,13,3.5,42.9,1.0,2.5,5
2023/03/29 03:48:00,37.5170,137.3070,13,4.1,126.6,3.9,3.4,14
2023/03/28 18:18:00,41.1580,142.8480,28,6.2,140.0,6.0,4.2,342
2023/03/27 20:03:00,37.1820,141.4470,43,3.8,15.1,0.2,1.1,19
2023/03/27 00:04:00,38.3070,141.6150,60,5.3,140.2,4.6,3.8,256
2023/03/26 23:33:00,38.3050,141.6030,59,4.5,46.5,0.7,2.2,103
2023/03/25 07:14:00,33.1670,132.3050,46,3.5,25.0,0.6,1.8,18
2023/03/24 17:20:00,37.8120,141.7650,66,4.3,20.5,0.4,2.0,75
2023/03/24 16:41:00,34.2630,135.4250,7,2.9,49.0,0.5,1.4,5
2023/03/24 16:25:00,36.4180,140.3050,83,4.7,170.6,5.0,4.0,254
2023/03/23 18:47:00,32.5570,130.7420,9,3.4,18.2,0.4,1.7,31
2023/03/22 16:37:00,40.2500,143.0720,20,5.7,15.1,0.6,2.2,128
2023/03/21 03:52:00,36.3450,137.9780,10,3.3,43.8,0.4,1.2,23
2023/03/20 10:59:00,35.5080,140.9400,35,4.6,24.2,1.1,2.1,26
2023/03/20 10:37:00,37.4680,137.1980,12,3.4,24.6,0.8,2.0,8
2023/03/19 15:06:00,35.2070,137.4130,46,3.1,7.3,0.1,0.7,23
2023/03/18 20:08:00,36.3170,140.0220,73,3.8,17.1,0.3,1.7,76
2023/03/15 06:39:00,35.5020,140.1000,69,3.8,8.2,0.2,1.5,30
2023/03/15 06:05:00,36.0870,139.9270,46,4.1,90.9,1.5,2.7,144
2023/03/14 05:35:00,39.8200,141.7220,70,4.0,31.5,0.8,2.7,74
2023/03/14 04:29:00,36.7720,140.5570,7,4.2,77.1,1.3,2.7,99
2023/03/14 03:42:00,36.1080,136.3750,8,3.0,43.0,0.4,1.4,8
2023/03/12 20:21:00,35.3050,139.1570,12,2.9,17.8,0.2,1.4,16
2023/03/12 08:39:00,26.7870,126.9130,91,4.3,4.7,0.1,0.5,3
2023/03/11 05:13:00,35.7330,139.9750,63,4.3,29.1,1.1,2.5,180
2023/03/11 05:12:00,42.1980,142.9580,49,4.8,44.0,1.8,3.1,134
2023/03/10 13:57:00,42.8870,141.8470,8,2.6,21.2,0.6,2.1,4
2023/03/08 22:48:00,36.1570,140.0700,66,3.6,13.1,0.3,1.4,43
2023/03/07 21:13:00,35.0680,137.7200,16,3.4,50.7,0.7,2.1,32
2023/03/07 07:24:00,42.3450,144.5920,20,5.0,34.5,1.6,2.9,97
2023/03/05 07:54:00,34.8850,138.3620,11,2.8,7.4,0.2,0.9,5
2023/03/04 10:45:00,34.7950,139.2630,8,3.0,8.8,0.3,1.6,8
2023/03/04 10:21:00,34.8000,139.2820,12,2.8,12.7,0.4,1.9,6
2023/03/04 04:31:00,24.2420,123.8200,19,3.4,3.4,0.1,0.0,1
2023/03/03 19:18:00,33.2380,139.4730,16,3.8,6.6,0.2,1.4,1
2023/03/02 15:47:00,33.2450,139.4420,14,5.0,35.4,2.1,2.9,3
2023/03/02 15:14:00,43.3730,147.0880,61,4.7,8.6,0.2,1.5,18
2023/03/01 00:48:00,35.7350,140.6220,49,4.1,8.8,0.3,1.7,16
2023/02/28 20:30:00,28.0320,129.4920,26,3.9,5.3,0.1,1.2,4
2023/02/28 12:55:00,35.8950,140.8700,40,4.5,75.2,3.1,3.0,57
2023/02/28 03:56:00,38.4670,142.1030,42,4.3,16.0,0.3,1.5,65
2023/02/26 12:53:00,37.5150,137.2470,12,3.5,43.2,1.1,2.3,5
2023/02/26 09:29:00,37.5170,137.2480,12,4.0,67.8,2.4,3.0,17
2023/02/25 22:27:00,42.7550,145.0750,63,6.0,287.0,13.5,4.7,381
2023/02/25 19:25:00,27.1300,126.6620,29,4.9,2.4,0.2,0.9,1
2023/02/25 18:16:00,24.6150,124.9250,61,4.3,15.3,0.4,1.3,2
2023/02/25 09:48:00,38.9070,142.1270,44,3.8,19.1,0.4,1.6,21
2023/02/21 22:53:00,37.5250,137.2730,12,4.1,44.9,1.6,2.8,14
2023/02/21 08:39:00,35.4070,140.3630,29,3.3,13.4,0.3,1.6,13
2023/02/21 07:47:00,37.5080,137.2270,13,3.2,14.5,0.4,1.7,5
2023/02/20 15:34:00,36.6950,138.3980,2,3.3,81.3,1.1,2.2,12
2023/02/20 14:46:00,32.7780,131.8780,49,3.4,13.9,0.3,1.6,24
2023/02/20 03:55:00,42.7800,143.1950,118,4.9,56.7,2.3,3.4,185
2023/02/19 17:50:00,37.1080,141.1130,52,4.0,65.8,1.3,2.7,56
2023/02/17 19:38:00,34.0680,130.4120,16,4.3,38.9,1.5,2.9,64
2023/02/17 12:59:00,40.1100,142.4120,5,4.4,3.9,0.2,1.2,14
2023/02/17 10:46:00,26.5480,128.7420,24,5.3,11.5,0.4,2.1,7
2023/02/15 10:27:00,38.7450,142.2170,45,4.0,15.6,0.1,0.8,21
2023/02/14 23:01:00,37.8830,138.6500,20,3.8,24.8,0.5,1.5,22
2023/02/14 03:18:00,42.4830,145.0670,26,4.7,9.4,0.4,1.7,29
2023/02/13 10:02:00,37.7120,141.5370,54,4.8,72.3,1.5,3.0,147
2023/02/13 05:44:00,39.6700,140.7280,7,3.5,29.4,0.6,2.0,18
2023/02/12 22:46:00,33.0680,132.0700,13,3.6,19.7,0.5,1.8,15
2023/02/11 19:41:00,32.7630,130.7670,8,2.9,7.2,0.2,1.0,7
2023/02/11 16:38:00,32.7630,130.7470,11,3.3,12.3,0.4,1.8,18
2023/02/10 11:01:00,35.3200,133.3000,11,3.6,54.7,0.7,1.9,36
2023/02/09 22:16:00,35.8850,137.6120,6,2.7,41.6,0.7,1.7,7
2023/02/09 16:19:00,32.7570,130.8800,10,3.9,86.5,3.6,3.3,56
2023/02/09 14:59:00,34.0370,135.2980,9,2.9,35.4,0.4,0.8,6
2023/02/08 21:30:00,44.8230,141.8370,24,3.4,48.4,2.7,3.1,9
2023/02/08 15:39:00,42.9530,145.4520,46,4.3,49.8,0.8,2.4,29
2023/02/07 18:41:00,36.5730,140.2920,107,3.8,35.8,0.6,2.2,52
2023/02/06 05:52:00,32.7020,130.7000,13,2.9,7.0,0.2,1.2,7
2023/02/03 02:58:00,38.6500,141.8070,48,3.8,35.2,0.5,1.9,66
2023/01/31 04:15:00,37.8500,142.0030,36,4.3,14.4,0.4,2.0,74
2023/01/30 18:16:00,36.4550,136.8130,13,3.4,18.0,0.5,1.2,17
2023/01/29 21:20:00,35.3500,139.2430,144,4.9,38.0,1.5,2.7,238
2023/01/27 15:03:00,37.8170,141.5930,53,4.0,25.6,0.4,2.1,80
2023/01/25 14:17:00,36.1070,139.8720,48,3.6,18.3,0.2,1.4,65
2023/01/25 10:01:00,37.5900,141.5800,55,5.1,128.3,3.5,3.6,202
2023/01/21 22:41:00,36.3850,140.6250,53,3.6,32.8,0.4,1.7,40
2023/01/21 20:14:00,37.1450,141.5030,41,4.0,10.3,0.2,1.5,51
2023/01/21 03:05:00,37.6920,141.6170,60,4.3,19.6,0.5,2.0,89
2023/01/20 14:48:00,38.8820,142.0930,46,5.0,174.8,2.1,3.0,133
2023/01/20 07:29:00,35.0280,132.8980,11,3.3,15.7,0.3,1.4,19
2023/01/18 13:33:00,24.8520,124.9950,14,4.6,21.9,0.5,1.9,2
2023/01/18 12:26:00,24.8050,125.3870,50,4.2,11.2,0.3,1.4,2
2023/01/18 03:16:00,43.9630,142.3530,0,3.3,87.9,2.6,3.4,11
2023/01/17 16:37:00,43.9680,142.3480,0,4.5,136.2,3.8,3.9,32
2023/01/16 13:50:00,28.9800,139.7330,422,5.9,7.0,0.5,1.9,58
2023/01/16 12:17:00,33.9130,131.3170,12,3.1,52.9,0.6,1.8,5
2023/01/16 01:25:00,41.1020,142.4350,46,4.5,38.5,1.2,2.9,100
2023/01/15 20:37:00,25.1130,125.8470,30,5.3,10.1,0.4,1.7,2
2023/01/15 10:09:00,32.9830,131.1150,7,2.9,12.3,0.3,1.7,8
2023/01/14 20:50:00,27.5700,128.8520,17,3.5,25.9,0.5,1.9,1
2023/01/14 10:22:00,37.4980,137.2770,14,3.5,47.1,1.0,2.2,10
2023/01/13 20:01:00,37.4650,137.2670,9,3.0,54.9,1.1,2.2,4
2023/01/13 06:13:00,37.5000,137.2750,13,4.1,30.0,1.0,2.3,17
2023/01/13 03:58:00,36.4330,140.6570,53,3.4,15.9,0.2,1.1,23
2023/01/13 00:22:00,43.9630,142.3520,0,3.1,81.6,2.3,3.3,9
2023/01/12 01:19:00,35.4230,141.0300,26,4.7,6.7,0.6,1.8,40
2023/01/11 12:19:00,35.4250,139.0670,13,4.1,143.3,2.3,3.4,52
2023/01/08 13:16:00,36.7450,140.9200,55,3.5,13.6,0.2,1.6,27
2023/01/08 10:16:00,37.0370,141.3950,40,4.6,81.8,2.2,3.3,165
2023/01/07 23:42:00,37.3930,141.6320,44,4.5,12.4,0.3,1.7,80
2023/01/06 23:53:00,37.4920,137.2170,12,3.9,80.9,2.9,3.2,11
2023/01/06 13:44:00,37.5050,137.2730,13,4.5,330.8,11.4,4.5,87
2023/01/04 19:18:00,31.9300,131.0150,7,2.6,5.6,0.1,0.3,2
2023/01/03 16:08:00,40.1470,142.6150,37,5.1,28.7,0.7,2.6,121
2023/01/03 03:47:00,36.0430,139.9100,87,4.0,24.1,0.6,2.2,135
2023/01/03 00:37:00,31.8130,131.6070,33,3.5,15.7,0.5,2.2,9
2023/01/02 14:20:00,41.9920,142.5250,66,4.2,8.5,0.3,1.7,29
2022/12/30 23:10:00,36.1430,139.8380,53,3.9,45.3,0.5,2.0,76
2022/12/29 17:21:00,37.5280,137.2980,12,3.6,25.5,0.7,2.1,5
2022/12/29 17:02:00,34.9350,135.5320,15,3.5,12.7,0.3,1.5,38
2022/12/29 09:36:00,29.2480,130.5950,70,4.8,2.0,0.1,1.0,1
2022/12/29 01:47:00,33.5470,133.9430,35,4.4,41.8,1.6,2.9,105
2022/12/28 03:51:00,37.7600,141.7970,55,4.6,21.8,0.4,2.0,86
2022/12/27 19:55:00,36.9300,139.7230,6,3.0,10.4,0.3,1.5,14
2022/12/27 09:09:00,35.3080,139.9670,74,4.0,57.7,1.5,3.2,146
2022/12/27 08:44:00,37.7220,141.8330,44,4.1,7.7,0.2,1.5,35
2022/12/26 04:37:00,42.3770,140.3370,15,3.3,14.2,0.3,1.5,13
2022/12/25 20:23:00,34.1270,135.1180,8,3.4,70.3,0.8,2.0,9
2022/12/24 01:34:00,35.8680,140.4800,37,3.5,9.4,0.2,1.1,25
2022/12/23 01:39:00,41.5770,140.6200,13,3.7,20.2,0.4,1.9,19
2022/12/22 10:43:00,32.6720,130.0400,14,3.4,27.7,0.4,1.9,10
2022/12/21 22:27:00,34.2420,135.4380,6,3.3,29.7,0.6,1.7,13
2022/12/21 04:56:00,34.4470,139.2850,10,4.1,62.3,1.9,2.9,2
2022/12/21 00:00:00,34.4480,139.2780,10,3.8,38.5,1.0,2.7,1
2022/12/19 00:02:00,35.3780,140.3450,27,4.1,208.3,4.9,3.4,46
2022/12/18 23:19:00,30.3750,131.2530,31,4.8,20.5,0.9,2.3,19
2022/12/18 16:01:00,26.8000,126.6130,108,4.9,4.9,0.1,1.1,6
2022/12/18 14:45:00,34.7030,136.8800,13,3.4,42.0,0.8,2.0,19
2022/12/18 03:07:00,31.8300,131.6180,32,4.1,10.3,0.5,2.1,25
2022/12/18 03:06:00,31.7880,131.6330,34,5.4,77.4,5.1,3.9,126
2022/12/18 00:54:00,37.4520,137.1380,13,3.9,86.9,1.9,3.1,22
2022/12/16 21:22:00,34.1680,135.1670,7,3.1,21.6,0.5,1.5,6
2022/12/16 09:25:00,36.0670,139.8000,79,4.3,38.0,1.1,2.9,196
2022/12/15 15:58:00,42.7150,140.3280,12,3.6,51.3,1.1,2.3,22
2022/12/15 13:50:00,42.7100,140.3280,12,3.2,53.7,0.7,1.6,11
2022/12/15 13:30:00,42.7130,140.3200,13,4.3,248.0,7.0,3.7,43
2022/12/15 08:40:00,36.6480,140.6070,9,2.8,76.0,0.8,2.0,3
2022/12/14 07:37:00,35.8100,137.4600,6,2.8,46.5,0.5,1.3,8
2022/12/13 23:25:00,27.6000,129.4130,37,6.0,17.8,1.2,2.7,6
2022/12/12 05:29:00,39.3320,142.0800,48,4.1,44.5,0.7,2.3,53
2022/12/11 18:46:00,37.2100,141.5180,23,4.8,34.6,1.0,2.8,149
2022/12/11 06:40:00,36.6520,139.4580,5,3.2,73.8,1.2,2.6,11
2022/12/11 00:27:00,37.5250,137.2920,12,3.6,76.8,1.4,2.4,7
2022/12/10 12:21:00,34.4530,139.2730,10,3.6,34.0,1.1,2.6,6
2022/12/10 07:44:00,27.4470,128.6680,42,3.9,14.2,0.3,1.4,4
2022/12/10 06:37:00,35.6570,139.7200,119,4.1,15.5,0.4,2.0,125
2022/12/09 05:58:00,37.5200,137.2900,12,4.1,61.5,1.5,2.8,22
2022/12/08 22:30:00,31.3030,130.6930,9,4.1,54.2,2.0,3.3,30
2022/12/07 23:48:00,37.0380,141.1620,19,4.0,7.9,0.2,1.4,33
2022/12/07 21:24:00,32.6720,130.0530,14,2.9,23.9,0.3,1.6,6
2022/12/07 13:06:00,37.0380,141.1600,18,4.1,18.6,0.4,1.8,59
2022/12/07 05:39:00,36.4650,141.0880,41,4.0,50.4,0.6,2.2,37
2022/12/06 00:20:00,41.0520,142.3850,48,4.6,10.7,0.2,1.5,55
2022/12/05 10:14:00,32.6720,130.0500,14,3.4,90.9,1.2,2.7,8
2022/12/05 03:36:00,38.8880,141.9700,49,3.7,35.7,0.5,1.8,20
2022/12/03 19:21:00,42.1470,141.9320,86,3.4,8.5,0.3,1.5,9
2022/12/02 21:04:00,35.3970,140.4630,58,3.8,14.8,0.4,1.6,50
2022/12/02 14:49:00,36.6450,140.6070,9,2.9,56.1,0.5,1.6,2
2022/12/02 08:44:00,34.7470,135.9680,11,3.7,71.1,1.1,2.6,39
2022/11/30 17:07:00,37.4530,137.1430,14,4.4,78.0,3.0,3.6,40
2022/11/30 12:46:00,37.2820,141.6550,42,5.1,17.4,0.6,2.4,140
2022/11/30 06:34:00,37.5100,141.3370,52,4.2,27.6,0.7,1.8,49
2022/11/28 16:25:00,40.3430,142.0430,52,3.6,26.8,0.5,1.9,25
2022/11/27 15:36:00,37.5150,137.2220,14,3.2,15.5,0.4,1.5,5
2022/11/26 21:58:00,37.5350,137.2280,13,4.2,53.2,1.3,2.9,32
2022/11/24 20:20:00,32.6370,130.7030,14,4.0,70.7,2.3,3.2,93
2022/11/24 05:13:00,37.5200,137.2100,13,3.9,29.0,1.0,2.6,14
2022/11/24 04:34:00,35.8630,140.2870,46,4.2,36.8,1.0,2.5,66
2022/11/24 02:25:00,42.8830,140.5820,9,3.1,29.5,0.7,2.5,9
2022/11/23 23:08:00,40.0330,140.5470,8,3.5,91.9,1.9,3.2,27
2022/11/22 16:32:00,35.9370,138.1000,5,2.8,5.2,0.1,0.4,5
2022/11/22 10:24:00,33.3550,132.2020,46,3.7,18.2,0.5,1.6,32
2022/11/21 05:19:00,37.0650,141.1970,49,4.3,34.6,1.1,2.4,78
2022/11/20 18:17:00,42.9170,144.7180,57,4.8,112.4,2.6,3.4,87
2022/11/20 17:34:00,33.8220,135.6620,53,3.9,36.2,0.4,2.1,55
2022/11/20 12:06:00,35.3030,133.2970,8,3.1,18.5,0.3,1.4,14
2022/11/19 23:34:00,37.4380,137.3280,6,2.5,90.6,2.1,2.7,2
2022/11/19 22:44:00,37.4400,137.3220,5,2.3,63.1,1.2,2.3,2
2022/11/19 01:28:00,34.1830,135.1520,5,3.5,41.1,0.6,2.1,11
2022/11/19 00:53:00,34.1820,135.1480,5,3.8,73.6,0.6,1.8,24
2022/11/18 02:35:00,38.1470,141.7480,56,4.1,32.2,0.8,2.4,107
2022/11/17 21:43:00,35.6580,140.0750,72,4.3,16.3,0.6,2.1,136
2022/11/17 09:28:00,40.7300,142.4200,64,5.0,62.2,1.6,3.3,172
2022/11/14 22:28:00,37.5180,137.2580,12,4.2,100.8,5.7,3.8,25
2022/11/14 17:09:00,33.8400,137.4230,362,6.4,65.2,3.4,3.6,468
2022/11/11 14:28:00,36.1970,140.0220,52,3.7,52.8,0.6,1.9,71
2022/11/10 10:22:00,35.5370,141.0070,33,3.8,4.2,0.1,0.7,7
2022/11/10 02:47:00,36.1900,140.0280,51,3.4,23.3,0.3,1.5,41
2022/11/09 17:40:00,36.1850,140.0270,51,4.9,296.8,6.5,4.3,269
2022/11/09 12:37:00,31.7070,131.7900,34,4.3,12.3,0.5,2.0,24
2022/11/09 02:38:00,24.8200,125.3780,49,3.9,12.2,0.3,1.3,1
2022/11/06 13:23:00,43.2470,146.8650,52,5.4,24.3,0.8,2.8,46
2022/11/06 09:06:00,35.9380,138.1020,5,2.7,3.5,0.1,0.3,4
2022/11/04 19:50:00,38.3120,141.8920,46,4.0,40.6,0.5,1.5,32
2022/11/04 05:16:00,35.1500,140.0820,17,3.7,18.7,0.9,2.4,26
2022/11/04 03:57:00,35.1430,140.0830,17,4.2,24.3,1.2,2.7,25
2022/11/03 20:16:00,35.6630,140.1950,71,4.5,13.3,0.6,2.0,115
2022/11/03 19:04:00,35.6600,140.1880,68,4.9,43.9,3.3,3.5,242
2022/11/03 19:03:00,35.6580,140.1750,68,4.0,4.8,0.3,1.3,36
2022/11/03 02:32:00,37.1750,140.1180,7,3.6,143.7,2.3,3.4,36
2022/11/01 14:18:00,35.2000,133.0470,8,3.4,66.5,0.5,1.6,27
2022/10/29 05:56:00,37.3250,141.7970,50,4.5,59.6,2.1,3.2,83
2022/10/28 18:24:00,38.9220,141.9300,51,3.7,34.5,0.4,1.5,22
2022/10/28 03:01:00,44.1780,146.8300,132,4.4,7.6,0.3,1.6,16
2022/10/27 13:09:00,34.9850,136.5000,15,3.6,62.2,1.1,2.3,62
2022/10/26 16:06:00,41.9900,144.8870,11,5.2,3.6,0.4,1.6,34
2022/10/26 07:49:00,30.1530,131.3720,38,4.5,3.2,0.2,1.0,5
2022/10/24 15:59:00,41.5670,142.1070,53,3.9,4.5,0.1,0.7,10
2022/10/23 22:01:00,40.9850,141.9930,59,4.1,31.6,0.7,2.3,46
2022/10/21 15:19:00,37.3980,141.3050,29,5.0,139.3,3.8,3.5,195
2022/10/19 14:54:00,39.6100,143.5370,12,5.3,4.4,0.3,1.5,52
2022/10/19 11:03:00,34.9580,135.6550,8,3.4,65.3,0.8,2.2,18
2022/10/19 11:00:00,34.9580,135.6570,8,3.2,50.7,0.8,2.0,13
2022/10/19 03:35:00,37.5530,139.1930,8,3.9,30.7,0.7,2.5,39
2022/10/17 03:45:00,41.5700,142.0900,54,3.7,3.7,0.1,0.5,9
2022/10/17 03:19:00,35.3520,133.8680,10,3.4,24.5,0.6,1.9,20
2022/10/16 11:13:00,35.7730,140.8650,9,4.0,23.0,0.6,1.6,17
2022/10/16 00:25:00,35.8900,139.0470,128,4.2,17.5,0.8,2.4,157
2022/10/14 15:05:00,38.7770,141.9780,56,3.9,48.4,0.7,2.2,62
2022/10/14 07:30:00,37.8950,141.7050,55,4.1,17.3,0.3,1.7,54
2022/10/12 13:45:00,36.0400,140.0970,63,3.7,13.9,0.5,1.5,57
2022/10/11 20:28:00,37.6300,141.5870,53,4.6,23.9,0.7,2.4,107
2022/10/11 04:24:00,23.9270,122.2420,24,5.9,2.5,0.2,1.2,2
2022/10/10 09:26:00,38.7720,142.2850,42,4.8,33.9,0.6,2.2,112
2022/10/10 09:03:00,42.1450,144.0980,42,4.8,55.8,1.8,3.2,64
2022/10/09 22:49:00,26.5770,128.1450,44,4.1,21.9,0.7,2.2,5
2022/10/09 13:37:00,37.3350,141.8000,38,4.2,12.4,0.4,1.8,59
2022/10/08 04:27:00,41.8870,140.9800,9,2.9,28.6,0.6,1.9,2
2022/10/07 05:09:00,33.5900,139.3780,25,4.7,4.0,0.2,0.9,6
2022/10/07 03:14:00,37.1100,141.1500,26,4.5,75.2,2.2,3.0,102
2022/10/07 01:36:00,27.6720,126.9100,153,5.1,6.4,0.2,1.3,9
2022/10/06 04:04:00,38.7080,141.9750,57,4.5,111.5,1.5,2.9,125
2022/10/03 12:07:00,40.3450,139.0920,34,4.3,8.8,0.2,1.5,25
2022/10/03 08:05:00,36.0820,139.8600,46,3.6,21.4,0.4,1.7,71
2022/10/03 07:45:00,38.5520,141.8320,52,3.6,17.1,0.5,2.0,50
2022/10/02 00:02:00,31.3120,131.5220,29,5.9,109.8,10.6,4.4,225
2022/10/01 08:42:00,33.5600,135.7320,28,3.8,26.6,0.4,1.4,24
2022/09/30 14:58:00,36.0780,139.8630,47,4.4,142.1,3.8,3.5,211
2022/09/30 00:03:00,36.8230,140.5880,7,4.4,355.2,9.5,4.5,97
2022/09/28 06:21:00,37.5050,137.2180,12,3.8,38.2,1.0,2.2,9
2022/09/28 00:24:00,42.7880,143.2850,82,3.5,15.2,0.5,2.1,22
2022/09/27 05:02:00,43.7500,144.0000,12,3.4,46.3,1.3,2.5,14
2022/09/27 01:05:00,40.5220,142.9200,25,5.0,25.3,1.2,2.6,109
2022/09/26 19:25:00,43.7520,143.9970,11,3.6,39.4,0.9,2.4,17
2022/09/26 06:41:00,32.1370,131.4670,21,2.8,27.7,0.4,1.8,6
2022/09/26 03:25:00,34.9670,132.2520,12,3.5,48.9,0.6,2.4,31
2022/09/25 22:35:00,42.3330,143.0080,53,3.7,9.1,0.2,1.2,15
2022/09/25 07:31:00,36.8100,140.5800,7,4.2,198.4,3.8,3.7,47
2022/09/25 06:23:00,37.5280,137.2950,12,3.8,38.1,1.4,2.5,12
2022/09/24 15:17:00,42.6880,143.1900,106,4.2,51.2,1.7,3.1,93
2022/09/24 10:00:00,37.7820,141.7430,58,4.2,19.3,0.4,1.9,43
2022/09/24 09:29:00,34.7950,135.3250,9,3.1,21.1,0.6,1.5,12
2022/09/24 03:34:00,34.7930,135.3220,9,4.0,77.6,2.9,3.0,84
2022/09/23 09:54:00,36.0750,140.2020,83,4.7,29.7,1.5,2.9,262
2022/09/22 07:24:00,35.2780,141.2170,13,5.3,7.4,1.4,2.5,77
2022/09/20 15:05:00,37.5280,137.2930,12,3.1,16.0,0.4,1.6,5
2022/09/20 09:06:00,40.0700,142.0930,48,4.4,115.9,2.9,3.9,87
2022/09/20 05:56:00,36.3430,139.8180,70,4.4,39.7,1.0,2.7,155
2022/09/19 08:49:00,37.7070,141.5680,54,4.3,24.8,0.5,2.2,82
2022/09/19 03:12:00,38.3280,142.1380,37,4.0,24.1,0.4,2.0,48
2022/09/18 19:05:00,26.3350,125.9650,24,5.7,4.8,0.6,1.7,1
2022/09/18 17:09:00,26.3430,125.9200,8,6.0,4.4,0.5,1.8,2
2022/09/18 11:09:00,35.8650,140.6400,51,4.7,19.0,1.1,2.5,90
2022/09/18 04:16:00,34.7980,132.9200,13,3.6,47.7,0.8,2.3,33
2022/09/17 17:59:00,38.8680,142.0400,46,3.7,61.1,0.8,1.9,24
2022/09/15 08:51:00,44.8100,142.1400,9,3.3,14.6,0.5,1.9,12
2022/09/14 08:54:00,37.5170,137.2170,13,3.5,27.0,0.7,1.9,9
2022/09/13 20:58:00,37.7680,141.8270,44,3.9,8.6,0.1,0.9,13
2022/09/13 09:52:00,41.5750,142.1030,54,5.1,29.0,1.1,2.7,160
2022/09/12 13:39:00,42.0520,144.8720,16,4.9,9.1,0.6,2.1,39
2022/09/11 20:46:00,26.3170,127.6100,22,4.0,8.7,0.3,1.5,5
2022/09/09 18:55:00,36.8180,140.5870,7,4.5,244.3,5.8,3.8,125
2022/09/09 08:19:00,43.1020,145.8230,43,3.7,19.4,0.5,1.9,10
2022/09/08 17:36:00,39.8270,140.8500,2,3.5,24.7,0.5,1.8,14
2022/09/07 17:48:00,36.5520,137.5970,4,3.3,11.6,0.3,1.6,8
2022/09/04 15:46:00,37.8400,141.7480,64,4.8,31.5,0.7,2.3,129
2022/09/03 17:39:00,36.4250,141.1650,39,3.9,17.6,0.3,1.5,38
2022/09/03 16:34:00,36.1500,139.8350,51,3.9,38.0,0.5,2.0,94
2022/09/03 11:54:00,35.8330,139.8280,84,4.2,31.9,1.1,2.3,138
2022/09/03 05:24:00,35.4530,140.4300,32,4.1,97.7,2.3,2.8,56
2022/09/02 09:09:00,45.0400,141.8820,0,2.4,3.4,0.1,0.5,3
2022/09/02 08:42:00,32.5070,130.5380,11,3.6,87.6,1.4,2.1,39
2022/09/01 20:21:00,31.2580,131.9200,25,4.6,5.0,0.3,1.6,21
2022/09/01 14:24:00,36.2580,140.9680,36,4.0,45.0,1.0,2.6,57
2022/08/30 09:44:00,24.2020,124.1300,17,4.0,10.5,0.3,1.5,2
2022/08/30 02:20:00,42.3650,143.1070,51,4.1,19.0,0.5,2.0,29
2022/08/28 12:04:00,39.8030,141.9450,56,4.2,31.1,0.6,2.3,74
2022/08/26 08:48:00,32.0400,129.9880,12,4.5,73.6,3.1,3.3,73
2022/08/24 02:20:00,37.4950,141.4600,47,4.1,16.4,0.5,1.7,34
2022/08/23 00:03:00,36.6450,140.9430,48,3.7,43.5,0.6,2.2,34
2022/08/22 13:37:00,36.0570,139.8880,45,3.7,58.8,1.0,2.6,68
2022/08/22 12:42:00,34.8350,136.6930,19,3.4,18.5,0.4,1.6,21
2022/08/20 22:45:00,41.8900,140.9720,9,2.4,26.1,0.4,1.9,1
2022/08/20 10:32:00,32.7100,130.6250,12,3.4,17.9,0.5,1.7,17
2022/08/20 01:36:00,37.7870,141.7080,64,4.3,26.2,0.9,2.4,99
2022/08/19 05:18:00,33.6400,130.7200,14,3.1,90.7,1.2,2.4,13
2022/08/18 16:11:00,26.6320,127.7670,44,4.4,15.4,0.6,2.0,7
2022/08/18 14:46:00,37.6020,141.5850,56,5.2,90.6,4.0,3.5,263
2022/08/18 13:06:00,35.6030,141.0230,20,5.0,21.8,1.6,2.6,90
2022/08/16 18:54:00,44.8680,142.1000,0,4.2,28.1,1.8,2.9,22
2022/08/16 17:55:00,37.5220,137.2180,13,3.4,19.1,0.5,1.8,7
2022/08/16 16:04:00,34.9650,132.2500,12,3.4,54.8,0.6,2.3,20
2022/08/16 01:29:00,39.8450,141.7070,69,3.9,23.4,0.5,2.4,62
2022/08/15 19:56:00,35.4020,133.8430,11,3.7,187.7,2.0,2.6,44
2022/08/14 19:28:00,37.5270,137.2230,13,3.9,32.4,1.1,2.6,13
2022/08/14 19:14:00,37.5250,137.2200,13,4.1,52.7,1.9,2.8,24
2022/08/14 06:57:00,35.5420,140.9870,32,4.5,6.4,0.4,1.5,10
2022/08/14 04:25:00,46.5830,144.8000,414,5.5,4.5,0.1,1.0,38
2022/08/14 00:41:00,37.0520,140.4400,7,2.7,3.8,0.1,0.1,2
2022/08/12 21:11:00,35.5620,140.9170,36,4.6,10.1,0.5,1.7,42
2022/08/12 13:37:00,44.8620,142.0920,2,4.4,49.7,1.8,2.9,26
2022/08/12 09:48:00,38.5500,141.8330,53,4.4,40.1,1.1,2.6,117
2022/08/11 19:45:00,44.8820,142.1120,7,3.4,33.7,0.7,2.1,14
2022/08/11 04:27:00,44.8450,142.1050,7,3.3,29.5,0.8,1.9,12
2022/08/11 04:01:00,44.8470,142.1130,0,2.9,12.8,0.3,1.5,7
2022/08/11 02:39:00,44.8520,142.0980,7,3.3,30.9,0.9,2.5,10
2022/08/11 02:14:00,44.8670,142.1200,6,4.6,159.0,7.2,4.3,40
2022/08/11 01:04:00,44.8520,142.0920,6,3.9,35.9,2.2,3.2,22
2022/08/11 00:55:00,44.8480,142.0980,6,3.2,16.0,0.5,1.8,8
2022/08/11 00:53:00,44.8480,142.1120,5,5.4,416.6,22.7,5.1,75
2022/08/11 00:35:00,44.8530,142.1130,2,5.2,266.6,16.8,4.8,68
2022/08/10 00:48:00,39.7580,141.8330,59,4.1,58.6,1.3,3.0,69
2022/08/08 09:47:00,39.6380,142.1070,48,4.0,58.2,0.5,1.9,26
2022/08/08 09:46:00,39.6330,142.1070,49,4.1,60.1,1.2,2.6,64
2022/08/08 00:29:00,42.3280,144.1770,57,4.2,10.9,0.4,1.7,43
2022/08/07 22:45:00,34.2050,135.2080,4,2.4,62.0,0.6,1.7,2
2022/08/07 22:41:00,43.7300,147.7330,0,6.0,48.8,1.7,3.1,222
2022/08/07 16:25:00,34.2570,135.4300,6,2.8,30.5,0.3,0.9,5
2022/08/06 21:23:00,36.2500,141.1170,30,5.0,46.3,1.6,3.2,125
2022/08/04 09:48:00,37.6120,141.6180,57,5.6,124.9,8.1,4.2,312
2022/08/04 04:28:00,45.0380,141.8700,9,2.9,5.4,0.2,1.2,4
2022/08/04 01:59:00,45.0450,141.8780,8,3.5,31.0,0.9,2.3,8
2022/08/04 01:41:00,45.0370,141.8700,7,4.1,29.7,1.7,3.1,11
2022/08/03 08:47:00,37.3150,141.1900,33,4.6,71.4,1.4,3.0,146
2022/08/02 01:30:00,33.9450,135.1830,6,2.9,84.2,0.6,1.9,6
2022/07/31 22:35:00,34.2000,135.1950,5,3.3,161.9,1.4,2.2,8
2022/07/31 22:33:00,31.6280,130.9620,7,2.9,13.4,0.3,1.5,8
2022/07/31 19:32:00,36.0800,139.8820,46,3.3,27.1,0.4,1.8,48
2022/07/30 17:53:00,37.8230,141.6300,56,4.0,11.4,0.3,1.5,62
2022/07/29 23:07:00,33.0670,131.6180,7,2.4,107.5,1.2,2.8,3
2022/07/29 08:03:00,36.4580,140.6020,56,4.0,62.0,1.1,2.6,76
2022/07/29 06:36:00,35.5680,140.0900,70,3.6,7.6,0.2,1.6,38
2022/07/27 10:05:00,34.2270,135.1120,8,2.6,60.2,0.5,1.5,3
2022/07/27 00:34:00,40.0600,141.8800,7,3.8,31.2,0.8,2.3,23
2022/07/26 04:58:00,35.4120,140.3100,30,2.9,13.3,0.3,1.0,9
2022/07/26 04:34:00,40.2170,141.0850,7,3.2,17.7,0.5,2.0,15
2022/07/25 23:44:00,26.8080,126.3820,27,4.6,2.1,0.1,0.7,1
2022/07/25 23:41:00,26.7930,126.3970,30,5.1,2.1,0.1,0.7,1
2022/07/25 08:47:00,35.1920,138.5700,14,2.6,19.4,0.4,1.8,6
2022/07/25 07:27:00,35.1930,138.5700,14,2.7,30.0,0.6,2.2,9
2022/07/25 07:17:00,35.1930,138.5680,14,3.5,74.5,2.5,3.3,28
2022/07/24 17:29:00,36.0500,139.9000,44,4.2,67.2,1.2,2.9,146
2022/07/23 22:46:00,38.5830,141.9300,53,3.8,25.5,0.5,1.6,34
2022/07/22 12:02:00,40.5500,141.4170,86,5.3,68.7,3.2,3.4,200
2022/07/21 18:44:00,37.5070,141.5420,47,4.8,23.1,0.6,2.2,132
2022/07/21 08:50:00,37.5650,141.9420,41,4.6,18.6,0.6,2.3,90
2022/07/20 21:10:00,35.4430,133.4120,14,3.4,15.0,0.3,1.4,22
2022/07/20 12:08:00,36.7980,140.5500,9,3.6,150.6,1.9,2.7,28
2022/07/17 20:51:00,37.5170,137.2470,14,3.4,31.2,0.7,2.1,10
2022/07/17 07:51:00,34.5100,135.3720,14,3.2,34.5,0.5,1.8,17
2022/07/17 03:10:00,40.2770,141.9630,22,3.8,33.3,0.4,1.9,29
2022/07/16 12:24:00,34.0180,135.2330,4,2.4,45.2,0.4,1.1,2
2022/07/16 07:25:00,40.3430,142.0380,52,3.8,19.9,0.3,1.7,23
2022/07/15 13:06:00,36.4520,140.6130,55,3.7,13.7,0.3,1.7,44
2022/07/12 21:48:00,36.0850,137.5400,5,3.0,36.6,0.8,2.6,12
2022/07/09 19:10:00,35.5950,139.6400,33,3.6,40.0,1.0,2.5,60
2022/07/09 12:28:00,43.3570,145.5530,70,4.0,32.0,0.8,2.3,37
2022/07/09 10:12:00,37.1550,141.3220,11,4.6,18.0,0.5,2.1,88
2022/07/09 02:20:00,38.1100,141.7900,57,4.2,19.5,0.3,1.5,56
2022/07/08 09:00:00,26.8350,126.2600,17,5.1,4.5,0.2,1.1,1
2022/07/08 08:00:00,34.4920,135.5470,14,3.3,21.7,0.4,1.5,19
2022/07/08 03:50:00,36.8020,140.5450,8,3.9,76.4,0.9,2.4,73
2022/07/07 17:03:00,37.7330,141.5280,55,4.4,39.5,0.7,2.5,99
2022/07/06 22:02:00,26.7870,126.3570,23,5.1,3.3,0.1,0.9,1
2022/07/06 13:02:00,41.4920,142.0150,58,4.6,10.5,0.2,1.5,50
2022/07/06 05:10:00,38.4120,141.9530,63,5.4,396.6,7.9,4.6,285
2022/07/05 17:52:00,42.3300,142.9920,53,4.9,30.4,1.1,2.7,110
2022/07/05 16:33:00,34.9820,136.4970,15,3.1,30.4,0.3,1.4,18
2022/07/05 09:51:00,34.2720,139.8920,89,4.6,34.4,0.8,2.2,52
2022/07/02 21:34:00,40.3400,142.1230,49,3.6,9.5,0.2,1.2,17
2022/07/02 11:00:00,45.8180,142.2270,324,5.9,17.7,1.2,2.6,263
2022/06/30 21:53:00,31.0730,128.9880,17,4.4,4.7,0.3,1.5,14
2022/06/30 19:34:00,31.8670,131.6800,38,3.6,6.2,0.3,1.5,11
2022/06/29 17:38:00,37.5170,137.2570,13,3.5,35.2,0.7,2.1,8
2022/06/29 09:20:00,32.7880,130.5470,10,3.9,80.7,1.7,2.7,49
2022/06/28 05:03:00,38.4670,142.1270,42,4.9,44.5,0.6,2.2,117
2022/06/27 13:57:00,43.2950,145.4370,78,3.6,20.8,0.4,1.7,26
2022/06/26 21:44:00,32.5400,130.6850,9,4.7,194.4,9.3,4.7,158
2022/06/24 07:32:00,24.0570,122.4780,27,5.6,3.3,0.3,1.4,1
2022/06/23 20:16:00,27.8570,128.8850,8,3.2,5.8,0.1,0.7,1
2022/06/23 15:14:00,36.6800,139.3030,8,2.9,29.2,0.3,1.0,5
2022/06/21 23:53:00,26.7470,126.3220,33,4.8,3.6,0.2,1.0,1
2022/06/21 21:39:00,32.7520,129.9320,14,2.9,48.0,0.5,2.1,5
2022/06/21 19:44:00,35.4470,136.3370,13,3.4,24.0,0.6,1.5,27
2022/06/21 10:42:00,37.5130,137.2630,12,4.1,130.4,4.0,3.5,25
2022/06/20 14:50:00,37.5250,137.3130,14,4.3,445.8,8.6,3.8,31
2022/06/20 13:22:00,45.0400,141.8630,8,2.7,4.1,0.2,1.0,4
2022/06/20 12:57:00,45.0450,141.8720,7,2.5,5.1,0.2,0.8,2
2022/06/20 10:31:00,37.5220,137.3220,14,5.0,649.3,26.9,5.0,118
2022/06/20 10:04:30,37.5230,137.3220,13,3.4,27.0,0.6,1.7,5
2022/06/20 10:04:00,35.4470,136.3370,13,3.6,38.9,0.7,2.2,47
2022/06/20 09:18:00,45.0520,141.8550,10,4.4,96.6,4.3,3.9,30
2022/06/20 03:35:00,36.8780,140.3450,94,3.6,33.0,0.5,1.9,41
2022/06/19 19:22:00,37.5230,137.2730,11,3.2,19.8,0.4,1.8,6
2022/06/19 19:07:00,26.8200,126.3520,25,5.2,3.3,0.2,1.2,1
2022/06/19 18:55:00,26.8080,126.3530,19,5.8,5.9,0.4,1.6,4
2022/06/19 18:28:00,36.8770,140.3450,95,4.4,84.7,2.8,3.3,144
2022/06/19 16:38:00,37.5150,137.2620,12,3.3,21.4,0.6,1.9,7
2022/06/19 15:21:00,37.5080,137.2800,13,2.9,24.0,0.5,1.6,6
2022/06/19 15:19:00,37.5080,137.2750,13,3.2,30.5,0.7,2.1,5
2022/06/19 15:08:00,37.5150,137.2750,13,5.4,605.9,54.3,5.5,149
2022/06/17 23:35:00,37.5830,141.5700,58,4.7,67.3,2.0,3.0,150
2022/06/17 00:51:00,33.9120,134.5880,45,4.9,131.2,3.0,3.5,261
2022/06/16 02:27:00,37.5280,137.2350,13,4.0,14.9,0.7,2.1,15
2022/06/15 01:33:00,38.4580,141.9720,60,4.3,37.7,0.8,2.0,81
2022/06/14 21:08:00,41.0800,141.5750,81,3.7,7.8,0.1,1.1,20
2022/06/14 14:10:00,34.2550,135.4430,6,3.0,30.7,0.7,1.9,7
2022/06/14 06:01:00,33.3120,132.1570,48,4.0,26.3,0.7,2.1,72
2022/06/14 00:58:00,33.3120,132.1550,47,3.7,17.6,0.5,1.6,56
2022/06/13 20:18:00,24.1420,123.7880,19,4.6,26.7,0.9,2.0,3
2022/06/13 01:57:00,37.2100,141.3400,41,4.3,39.3,1.0,2.5,83
2022/06/12 21:46:00,37.6370,141.5880,54,5.1,69.1,2.0,3.2,198
2022/06/12 18:06:00,38.8030,142.0100,55,4.0,67.7,0.9,2.5,56
2022/06/12 05:18:00,36.5550,137.7920,3,2.7,74.8,1.2,2.0,3
2022/06/11 11:36:00,37.6800,141.3030,84,4.0,16.4,0.3,1.6,49
2022/06/10 11:14:00,41.8320,142.2020,67,4.9,26.1,1.5,3.0,159
2022/06/10 03:05:00,37.5200,137.2330,13,3.5,34.8,0.7,2.2,6
2022/06/09 11:49:00,37.7100,141.5320,55,3.9,22.5,0.4,1.8,52
2022/06/09 07:25:00,33.7450,134.7780,39,3.9,25.3,0.5,1.9,34
2022/06/09 05:56:00,37.9850,141.7850,56,4.1,11.0,0.2,1.6,50
2022/06/09 02:26:00,38.5300,141.8270,50,4.4,48.4,0.6,2.1,70
2022/06/07 11:33:00,33.9970,132.0830,6,3.8,103.6,2.6,3.0,36
2022/06/07 10:57:00,25.6350,123.4280,204,5.2,9.6,0.2,1.5,5
2022/06/03 16:03:00,26.8350,126.3600,16,5.9,7.5,0.5,1.6,5
2022/06/03 13:29:00,37.5230,137.2300,13,3.9,37.7,1.7,2.8,13
2022/06/03 05:05:00,35.0420,135.5650,12,3.4,22.0,0.3,1.1,20
2022/06/02 07:55:00,37.5030,137.3020,12,3.0,25.1,0.6,1.6,5
2022/06/02 07:48:00,37.8150,141.6400,57,4.2,19.2,0.7,2.1,61
2022/06/02 04:42:00,36.0150,140.1470,61,4.3,22.3,0.7,2.3,102
2022/06/01 18:38:00,36.4350,140.6570,53,3.6,16.4,0.3,1.4,32
2022/06/01 13:28:00,36.0650,137.4730,6,2.6,64.1,0.6,1.8,3
2022/06/01 10:19:00,42.6070,142.1880,102,4.3,25.8,0.8,2.6,83
2022/05/31 15:50:00,37.5070,137.2980,12,3.1,28.3,0.6,1.8,5
2022/05/31 04:32:00,32.5450,130.6850,9,3.8,23.5,0.6,2.1,58
2022/05/29 15:55:00,36.2470,140.9750,44,5.3,209.7,6.8,4.1,260
2022/05/27 17:59:00,37.8030,141.6200,55,4.7,57.8,2.7,3.2,158
2022/05/27 14:37:00,36.4380,138.0270,8,3.3,25.2,0.5,1.4,27
2022/05/25 03:04:00,37.5150,141.0780,88,3.8,17.1,0.3,1.7,58
2022/05/24 13:54:00,34.2080,135.1720,5,3.1,221.6,1.7,2.0,4
2022/05/23 11:01:00,41.2230,143.0970,24,5.6,21.7,1.0,2.6,188
2022/05/23 08:20:00,33.9400,134.3080,39,4.2,77.2,1.5,3.0,105
2022/05/23 00:42:00,35.1620,140.4020,54,4.2,21.3,0.6,2.0,40
2022/05/22 21:22:00,42.1670,142.9680,43,4.7,59.5,1.7,2.9,91
2022/05/22 12:24:00,36.7730,141.4030,5,6.0,189.4,21.8,4.9,297
2022/05/22 06:37:00,37.0430,140.9720,52,3.4,35.6,0.5,2.0,38
2022/05/21 21:35:00,35.0520,135.5800,14,3.5,77.0,0.7,1.7,33
2022/05/21 16:03:00,35.5330,138.9730,20,3.3,45.5,1.0,2.4,37
2022/05/20 19:58:00,37.5180,137.3170,14,4.1,154.1,3.8,3.0,21
2022/05/20 05:15:00,36.3500,140.9220,28,3.5,28.1,0.4,1.9,21
2022/05/18 06:17:00,40.9870,143.1630,21,5.3,11.6,0.5,2.0,119
2022/05/17 22:53:00,37.9670,141.8170,55,4.1,15.5,0.3,1.7,46
2022/05/17 22:46:00,34.7500,139.5700,137,4.1,10.8,0.4,1.7,39
2022/05/17 18:36:00,37.0550,141.2200,48,3.8,25.2,0.3,1.6,27
2022/05/17 15:30:00,32.2550,130.5600,8,2.7,12.0,0.2,0.3,5
2022/05/16 14:29:00,33.9550,135.1670,7,3.9,75.1,1.1,2.3,29
2022/05/14 19:48:00,34.6730,140.5420,82,4.6,23.8,0.8,2.4,76
2022/05/14 08:08:00,37.5000,137.2170,14,3.8,43.7,1.1,2.5,13
2022/05/14 00:47:00,40.0930,142.7450,34,4.7,13.4,0.5,2.1,90
2022/05/13 05:10:00,37.2520,141.5300,43,4.5,17.6,0.4,1.8,74
2022/05/12 07:45:00,24.2720,123.6570,20,4.0,11.0,0.3,1.2,2
2022/05/12 03:16:00,37.8000,141.7150,54,4.1,17.3,0.5,1.7,49
2022/05/10 22:32:00,37.8350,141.6100,50,4.2,10.1,0.2,1.5,50
2022/05/10 21:57:00,32.5580,129.8700,13,3.0,16.1,0.2,1.5,5
2022/05/10 09:35:00,43.6030,144.3770,3,2.1,27.4,0.4,1.9,1
2022/05/10 01:57:00,37.7730,141.8370,43,4.3,16.7,0.3,1.2,42
2022/05/09 17:33:00,34.5630,136.9770,341,5.2,13.9,0.6,2.3,157
2022/05/09 15:23:00,23.9420,122.4950,19,6.6,9.0,1.1,2.3,3
2022/05/09 03:36:00,38.6220,141.9000,46,4.0,36.0,0.4,1.7,27
2022/05/08 09:29:00,36.5300,140.5720,58,3.5,103.3,1.2,2.6,90
2022/05/07 20:53:00,26.9180,126.4150,13,5.7,6.4,0.5,1.6,4
2022/05/06 22:21:00,26.8880,126.4970,8,5.5,5.5,0.3,1.4,4
2022/05/05 18:42:00,36.1400,139.8430,52,4.8,255.9,8.2,4.7,276
2022/05/05 14:55:00,37.7170,141.5420,53,3.9,19.9,0.3,1.6,47
2022/05/04 12:54:00,24.7980,125.3880,50,4.5,16.0,0.5,1.7,2
2022/05/03 19:40:00,35.6620,139.4820,130,4.6,57.7,1.5,3.0,262
2022/05/03 15:50:00,35.4230,133.9830,13,4.3,47.1,1.4,2.6,105
2022/05/02 22:21:00,35.0450,135.5670,13,4.4,184.8,2.7,3.3,177
2022/05/02 16:08:00,31.5920,131.8170,22,5.0,52.2,2.8,3.4,75
2022/05/02 14:52:00,37.5270,137.3020,12,4.1,58.6,1.9,2.9,16
2022/05/02 08:46:00,37.0330,139.3620,7,2.1,43.3,0.4,1.5,1
2022/05/01 14:41:00,37.7630,141.5720,53,4.1,8.8,0.3,1.5,51
2022/04/30 18:06:00,35.0450,135.5630,12,4.3,177.4,2.3,3.0,144
2022/04/29 02:57:00,37.5100,137.2750,13,2.9,24.0,0.5,1.7,5
2022/04/29 02:43:00,37.6800,141.5570,57,3.8,9.1,0.2,1.4,33
2022/04/28 19:03:00,41.1950,142.3300,53,4.7,37.2,1.2,2.9,77
2022/04/28 10:23:00,43.0270,142.3680,147,4.8,7.7,0.4,1.7,71
2022/04/27 18:24:00,35.5830,140.0270,21,2.9,17.7,0.2,1.0,20
2022/04/27 09:12:00,35.1570,140.4180,100,4.3,9.9,0.8,2.0,92
2022/04/26 15:41:00,43.6150,144.4170,1,1.4,28.3,0.4,1.9,1
2022/04/25 13:10:00,35.0400,135.5830,14,4.1,137.5,1.8,2.6,95
2022/04/24 19:58:00,40.9850,141.9880,59,3.6,17.2,0.3,1.4,14
2022/04/24 19:23:00,23.4620,123.1830,51,5.5,2.6,0.1,0.8,2
2022/04/24 17:16:00,41.7520,143.7970,25,5.4,29.9,1.9,3.0,96
2022/04/24 07:19:00,39.6380,141.8730,64,4.0,53.1,0.9,2.4,74
2022/04/23 08:20:00,37.5050,137.2200,12,3.3,16.8,0.6,1.9,5
2022/04/23 07:46:00,34.1830,131.7320,11,4.2,380.8,6.0,4.1,88
2022/04/22 23:20:00,43.0030,145.4470,51,3.8,20.2,0.4,1.7,24
2022/04/22 11:00:00,33.9930,134.1670,7,2.3,23.6,0.3,1.5,3
2022/04/22 01:36:00,36.5080,136.7270,13,3.5,22.0,0.3,1.5,19
2022/04/19 08:16:00,36.8770,140.3470,93,5.4,243.4,6.2,4.3,374
2022/04/18 04:50:00,37.7170,141.5680,54,4.1,17.2,0.5,2.0,69
2022/04/15 15:33:00,28.0880,128.2230,19,4.3,3.8,0.1,1.0,1
2022/04/15 03:25:00,37.0800,141.1330,50,4.3,30.8,0.8,2.5,82
2022/04/14 13:08:00,36.0500,139.9150,44,3.5,30.0,0.5,1.9,50
2022/04/13 13:29:00,36.0720,139.9170,46,3.2,10.5,0.1,0.9,28
2022/04/13 11:12:00,35.0430,135.5680,13,3.9,93.5,1.1,2.5,89
2022/04/13 10:22:00,26.8580,126.4420,16,5.6,7.4,0.5,1.8,2
2022/04/13 01:07:00,34.6130,140.3680,59,4.3,33.0,1.1,2.5,33
2022/04/11 16:28:00,35.0500,135.5580,14,3.5,35.2,0.4,1.6,32
2022/04/11 04:37:00,32.7370,130.6680,12,2.6,2.4,0.0,0.1,3
2022/04/10 18:43:00,36.2550,141.4400,30,5.0,11.6,0.4,2.0,108
2022/04/10 17:30:00,37.3030,141.8170,39,4.8,55.5,0.9,2.5,125
2022/04/10 13:36:00,37.5230,137.3150,13,3.2,12.8,0.4,1.5,5
2022/04/09 02:48:00,37.5120,137.2750,13,2.8,16.6,0.3,1.6,5
2022/04/08 22:36:00,37.5130,137.2780,13,3.0,21.7,0.5,1.7,6
2022/04/08 22:29:00,37.5120,137.2780,13,3.3,48.0,1.0,2.4,6
2022/04/08 22:04:00,37.5100,137.2820,13,4.2,189.2,5.7,4.0,30
2022/04/08 11:27:00,42.9270,146.0470,22,4.1,11.9,0.3,1.6,9
2022/04/07 16:46:00,35.9500,136.7450,6,3.1,40.0,0.8,2.0,6
2022/04/07 14:48:00,34.8580,135.6100,7,3.3,22.8,0.4,1.6,32
2022/04/07 14:12:00,26.7700,126.3220,28,4.6,2.8,0.2,0.8,1
2022/04/07 09:30:00,34.8950,137.4980,11,4.7,254.2,7.6,4.0,186
2022/04/06 17:14:00,34.0150,135.2150,6,3.6,35.7,0.8,2.2,29
2022/04/06 15:18:00,37.8580,141.7520,64,4.2,15.1,0.3,1.7,62
2022/04/06 00:04:00,37.8000,141.5820,53,5.2,91.3,3.2,3.5,220
2022/04/04 22:31:00,35.7580,139.9780,60,3.9,11.9,0.4,1.8,91
2022/04/04 22:30:00,35.7480,139.9720,62,4.6,50.6,3.3,3.5,260
2022/04/04 19:29:00,37.3430,141.5750,44,5.4,59.4,1.8,3.1,263
2022/04/04 11:18:00,37.5220,137.2170,13,3.7,26.9,0.9,2.2,9
2022/04/04 10:28:00,37.5180,137.2150,13,4.0,62.2,1.9,2.7,14
2022/04/04 10:26:00,37.5170,137.2250,14,4.3,156.5,4.5,3.7,42
2022/04/03 18:58:00,34.9150,135.6300,11,3.9,82.6,2.0,3.0,76
2022/04/03 18:00:00,26.8080,126.5330,22,4.7,2.5,0.1,0.8,1
2022/04/03 05:16:00,37.9720,141.6800,51,4.3,26.2,0.4,1.9,89
2022/04/02 20:16:00,31.5670,131.8500,22,4.6,9.4,0.6,2.0,42
2022/04/02 16:27:00,36.4600,140.5780,56,4.4,151.2,2.7,3.5,178
2022/04/02 07:36:00,38.9180,141.9370,51,3.9,43.3,0.7,1.9,35
2022/04/01 15:21:00,24.5950,123.7000,9,3.4,3.2,0.1,0.5,1
2022/04/01 13:57:00,44.0330,145.0820,2,3.0,16.1,0.4,1.9,4
2022/03/31 23:34:00,35.0500,135.5580,13,4.4,100.2,2.7,3.4,190
2022/03/31 20:52:00,35.6220,140.0320,73,4.7,79.1,3.1,3.7,219
2022/03/30 03:01:00,26.8400,126.2930,12,4.9,2.9,0.2,1.0,1
2022/03/30 02:36:00,26.8020,126.4600,19,5.5,7.8,0.5,1.7,1
2022/03/30 00:44:00,31.9730,129.7250,10,3.6,16.9,0.3,1.7,6
2022/03/30 00:18:00,40.0030,141.9730,17,4.9,314.2,5.2,4.0,124
2022/03/29 14:05:00,37.9000,141.6980,56,4.2,20.0,0.4,1.9,39
2022/03/29 01:36:00,37.7580,141.5920,55,4.5,50.6,2.3,2.9,154
2022/03/28 02:48:00,42.5300,142.5300,23,4.2,14.3,0.4,2.1,32
2022/03/28 02:13:00,37.0870,141.1500,51,3.6,11.9,0.2,1.3,31
2022/03/27 22:54:00,37.8180,141.5980,54,4.7,33.5,1.2,2.6,153
2022/03/27 20:12:00,37.4780,141.5850,46,4.2,26.0,0.4,1.3,47
2022/03/27 12:06:00,37.7430,141.7130,64,4.2,19.7,0.5,1.8,42
2022/03/27 08:15:00,42.3180,143.0600,53,5.1,41.3,1.9,3.3,174
2022/03/27 00:38:00,26.7970,126.3770,27,5.6,6.8,0.3,1.6,1
2022/03/26 13:15:00,38.8900,142.0170,47,3.9,30.9,0.4,1.6,38
2022/03/26 12:36:00,43.3970,146.1180,84,4.2,26.9,0.5,1.9,18
2022/03/26 00:20:00,37.5270,141.4100,51,4.7,24.1,0.6,2.2,108
2022/03/25 17:18:00,43.3230,146.0950,80,3.9,14.9,0.5,2.0,19
2022/03/25 15:33:00,37.7620,141.5650,51,4.0,16.7,0.4,1.4,42
2022/03/25 12:08:30,24.9220,124.5700,74,4.3,8.2,0.2,1.1,5
2022/03/25 12:08:00,37.5350,141.3730,52,5.2,64.4,2.1,3.5,260
2022/03/25 10:01:00,43.6020,145.4800,132,4.0,13.6,0.3,1.6,27
2022/03/24 16:03:00,36.0850,139.2670,120,4.0,24.0,0.4,2.0,102
2022/03/24 13:41:00,37.1730,138.1780,10,3.1,36.2,1.7,3.0,4
2022/03/24 13:11:00,37.8500,141.6280,50,4.3,23.7,0.7,2.5,117
2022/03/24 11:48:00,37.7430,139.9620,4,3.5,35.6,0.6,1.9,17
2022/03/24 08:51:00,38.8700,141.5820,75,4.1,47.8,0.9,2.4,88
2022/03/24 08:06:00,37.9750,141.7670,57,4.3,34.5,0.6,2.2,96
2022/03/24 07:53:00,26.8070,126.3150,17,5.3,5.3,0.4,1.5,1
2022/03/24 03:11:00,26.8270,126.5180,7,5.2,4.7,0.3,1.4,1
2022/03/23 20:11:00,37.7170,141.5350,54,4.3,30.3,0.6,2.0,74
2022/03/23 13:09:00,37.7830,141.6120,55,4.5,44.8,1.5,2.8,137
2022/03/23 09:23:00,37.5150,137.2980,14,4.3,122.4,3.6,3.8,35
2022/03/23 05:36:00,37.5130,137.2500,14,3.3,20.7,0.4,1.9,10
2022/03/23 02:41:00,23.3980,121.4920,44,6.6,4.0,0.3,1.4,3
2022/03/21 13:33:00,35.2280,133.2470,6,3.1,17.5,0.3,1.5,13
2022/03/21 10:43:00,37.7670,141.5620,52,3.9,22.1,0.3,1.6,42
2022/03/21 09:06:00,37.7870,141.6150,56,4.0,13.7,0.5,1.7,52
2022/03/21 08:44:00,37.8370,141.6270,54,4.3,24.7,0.7,2.4,85
2022/03/20 22:16:00,37.6880,141.5330,55,3.9,13.6,0.3,1.4,36
2022/03/20 22:13:00,37.8980,141.7200,59,4.1,15.0,0.3,1.7,56
2022/03/20 14:46:00,37.9080,141.6930,55,4.0,13.5,0.3,1.6,40
2022/03/19 22:41:00,34.2080,135.1170,7,3.2,37.2,0.5,1.7,8
2022/03/19 10:17:00,37.7020,141.5800,54,4.2,15.3,0.3,1.7,46
2022/03/19 09:48:00,34.2080,135.1120,7,3.6,57.1,1.0,2.2,15
2022/03/19 04:04:00,25.5670,123.9550,171,5.9,20.0,0.6,2.2,6
2022/03/19 00:58:00,37.7350,141.7130,58,5.0,71.3,2.3,3.5,188
2022/03/18 23:25:00,39.9900,142.0030,18,5.6,327.6,14.8,4.7,176
2022/03/18 22:05:00,37.9100,141.7130,57,4.4,52.8,1.0,2.7,83
2022/03/18 21:12:00,37.7480,141.5650,52,4.1,21.7,0.6,1.7,53
2022/03/18 15:02:00,37.7970,141.5900,56,4.0,23.2,0.5,1.8,61
2022/03/18 07:26:00,39.5750,140.5050,7,3.3,24.2,0.7,2.1,17
2022/03/17 21:52:00,26.8400,126.4270,24,4.9,3.3,0.3,1.1,1
2022/03/17 21:30:00,37.9720,141.7900,61,4.6,36.5,0.9,2.6,128
2022/03/17 20:33:00,26.8380,126.2930,19,5.9,6.5,0.5,1.7,3
2022/03/17 19:43:00,37.7700,141.7130,57,4.7,53.2,1.6,2.8,142
2022/03/17 18:45:00,42.9950,145.0350,61,3.6,24.9,0.6,2.1,30
2022/03/17 14:06:00,25.8180,123.8580,179,5.3,14.6,0.4,1.8,5
2022/03/17 13:53:00,37.8080,141.6520,55,3.9,19.8,0.3,1.8,45
2022/03/17 06:03:00,37.8320,141.6250,51,4.0,9.8,0.3,1.3,45
2022/03/17 03:05:00,37.7450,141.5580,52,4.1,18.4,0.3,1.7,70
2022/03/17 02:28:00,37.8130,141.7580,66,4.5,30.3,0.5,2.1,107
2022/03/17 02:17:00,37.7950,141.7300,61,4.2,26.3,0.6,2.1,91
2022/03/17 02:05:00,37.7830,141.5950,54,4.1,13.2,0.5,1.9,72
2022/03/17 01:14:00,37.8500,141.7750,61,4.4,34.9,0.6,2.4,110
2022/03/17 00:57:00,37.7270,141.5420,53,4.2,19.4,0.3,1.7,43
2022/03/17 00:54:00,37.8050,141.7030,53,4.3,13.8,0.3,1.5,20
2022/03/17 00:52:00,37.7930,141.7130,57,5.5,171.5,5.5,3.9,290
2022/03/17 00:30:00,37.7270,141.6220,58,4.1,16.1,0.3,1.4,46
2022/03/17 00:09:00,37.7400,141.7530,64,4.3,12.2,0.3,1.6,67
2022/03/16 23:48:00,37.7850,141.6520,54,4.2,13.6,0.4,1.6,64
2022/03/16 23:45:00,37.8250,141.7130,60,4.8,37.6,1.1,2.6,145
2022/03/16 23:43:00,37.8550,141.7230,63,4.7,25.0,0.9,2.3,114
2022/03/16 23:36:00,37.6970,141.6220,57,7.4,1232.7,75.4,6.2,960
2022/03/16 23:34:00,37.6800,141.6050,57,6.1,253.8,9.2,4.3,361
2022/03/15 19:55:00,43.0100,145.1280,79,3.7,22.2,0.5,2.0,32
2022/03/13 12:38:00,34.0200,135.2720,5,3.3,54.8,0.7,1.7,9
2022/03/13 08:20:00,26.7980,126.3900,27,4.3,2.9,0.1,0.7,1
2022/03/12 19:50:00,37.5150,137.3050,14,3.4,71.8,1.4,2.4,9
2022/03/12 19:00:00,37.5180,137.3030,14,3.3,52.8,1.0,2.1,8
2022/03/12 09:20:00,35.4480,139.0100,20,3.2,19.5,0.2,1.2,21
2022/03/12 01:01:00,35.4470,139.0080,21,3.5,28.1,0.4,2.0,33
2022/03/11 18:14:00,35.1920,135.1030,14,3.5,52.6,0.4,1.2,20
2022/03/11 17:59:00,35.1900,135.1000,15,4.1,228.1,3.6,3.1,81
2022/03/11 03:13:00,37.5070,137.2970,13,3.3,46.3,1.1,2.3,7
2022/03/10 23:12:00,36.0870,139.8880,48,4.1,36.2,0.6,2.1,98
2022/03/10 19:32:00,37.5030,137.2980,13,3.7,114.7,2.7,2.7,13
2022/03/10 17:24:00,37.5050,137.2970,13,3.6,89.6,2.3,2.7,7
2022/03/09 14:48:00,43.6000,142.4970,10,2.2,31.8,0.6,2.1,4
2022/03/08 04:01:00,37.6420,141.5850,52,4.0,22.0,0.6,1.9,56
2022/03/08 02:00:00,37.5130,137.2370,13,3.6,12.5,0.3,1.4,4
2022/03/08 01:58:00,37.5230,137.2370,14,4.8,193.5,10.5,4.3,119
2022/03/08 01:06:00,37.4580,137.2570,11,3.9,128.4,2.1,2.9,19
2022/03/07 16:36:00,37.4580,137.2570,10,3.4,45.1,0.8,2.1,6
2022/03/07 02:01:00,39.5800,140.5080,7,3.5,34.1,0.7,2.0,16
2022/03/07 01:24:00,38.9220,141.9320,51,3.7,32.2,0.4,1.6,21
2022/03/06 10:13:00,27.9980,130.2480,35,5.1,8.3,0.6,2.3,4
2022/03/03 08:53:00,32.7050,132.0230,37,3.6,23.7,0.4,1.4,20
2022/03/02 09:08:00,36.0750,139.8720,45,3.5,13.3,0.3,1.6,58
2022/03/01 19:54:00,35.2920,136.5020,6,2.5,44.0,0.5,1.3,1
2022/02/28 01:50:00,26.9300,128.4900,46,4.1,10.8,0.5,1.8,3
2022/02/26 14:49:00,39.2650,142.4520,41,4.8,53.5,1.0,2.6,87
2022/02/26 13:07:00,36.3630,137.6250,0,3.1,6.6,0.2,0.8,6
2022/02/26 08:32:00,37.5120,141.4000,49,4.5,45.2,1.0,2.2,103
2022/02/25 17:50:00,26.8100,126.3670,29,5.4,5.0,0.3,1.3,1
2022/02/25 08:46:00,38.4720,142.0230,43,4.3,46.9,0.6,2.0,71
2022/02/24 19:50:00,32.7830,130.1000,7,3.0,12.9,0.3,1.5,8
2022/02/24 14:18:00,37.9100,141.9470,44,4.2,31.7,0.4,2.0,51
2022/02/24 05:05:00,33.8850,135.8480,16,3.4,69.7,1.0,2.4,12
2022/02/24 04:53:00,26.8570,126.3820,29,4.9,2.6,0.2,1.1,3
2022/02/23 17:25:00,42.9650,145.4320,46,3.9,34.9,0.7,2.4,21
2022/02/23 00:46:00,31.6300,130.9630,7,3.1,19.1,0.5,1.8,11
2022/02/22 05:52:00,26.8500,126.3380,17,5.8,6.4,0.5,1.6,2
2022/02/22 01:56:00,43.2280,145.3750,100,3.9,15.8,0.5,1.6,35
2022/02/21 11:24:00,28.7680,130.0450,36,4.7,4.0,0.2,1.5,1
2022/02/21 10:12:00,36.2320,140.9880,43,4.4,46.9,1.1,2.5,113
2022/02/21 07:11:00,34.0750,137.3450,356,5.0,9.2,0.3,1.6,86
2022/02/19 07:43:00,37.1330,141.0650,54,3.6,12.0,0.3,1.6,18
2022/02/19 02:34:00,30.7270,131.1820,33,3.9,9.2,0.4,1.9,9
2022/02/19 01:12:00,26.6030,127.9370,38,3.4,6.3,0.3,1.3,4
2022/02/18 11:55:00,38.1730,141.7130,52,5.3,214.8,3.7,3.4,197
2022/02/17 22:15:00,25.0170,125.6130,54,4.3,11.0,0.3,1.2,2
2022/02/17 18:17:00,42.0420,142.5370,57,5.0,27.2,1.0,2.7,194
2022/02/16 02:58:00,37.7680,141.9700,36,4.3,12.9,0.2,1.5,39
2022/02/15 04:17:00,28.8570,130.1620,54,4.3,4.6,0.3,1.6,2
2022/02/14 22:37:00,35.9070,140.5450,46,4.4,11.7,0.4,1.8,52
2022/02/14 13:09:00,32.6500,131.9980,35,3.5,10.2,0.3,1.7,16
2022/02/14 04:03:00,31.6300,130.9650,7,3.4,37.2,1.0,2.3,23
2022/02/13 15:50:00,42.3770,144.0650,61,4.6,150.6,3.7,3.5,90
2022/02/12 12:52:00,37.5180,137.3170,13,3.2,41.6,0.8,1.8,5
2022/02/12 08:22:00,32.6720,132.0220,42,3.9,16.6,0.5,2.1,38
2022/02/12 01:43:00,23.9280,122.2920,17,5.8,2.5,0.3,1.2,2
2022/02/11 20:44:00,37.3020,138.3220,22,3.2,5.7,0.2,1.0,2
2022/02/11 20:40:00,37.3020,138.3270,21,3.3,3.3,0.1,0.5,7
2022/02/11 09:04:00,37.0320,141.1600,18,4.4,12.2,0.2,1.4,45
2022/02/11 06:32:00,35.3670,133.0320,9,4.0,146.2,1.2,2.7,63
2022/02/10 02:07:00,38.7380,141.5550,59,3.8,26.0,0.3,1.4,52
2022/02/09 17:47:00,28.0030,129.3450,39,3.3,2.8,0.0,0.0,2
2022/02/09 07:41:00,26.7820,126.3620,19,5.4,4.4,0.2,1.1,1
2022/02/09 01:36:00,26.8220,126.2820,28,5.6,10.7,0.4,1.9,2
2022/02/08 03:28:00,38.1780,141.7100,51,3.9,43.5,0.5,2.0,54
2022/02/07 17:59:00,37.5080,137.2470,13,4.1,94.0,2.6,3.1,19
2022/02/06 19:15:00,36.0720,139.8770,46,4.0,67.1,1.3,2.7,108
2022/02/06 13:15:00,35.5400,139.5650,69,3.5,8.9,0.3,1.4,65
2022/02/06 07:30:00,41.5650,142.1000,54,4.3,5.0,0.1,1.1,24
2022/02/04 11:36:00,32.6830,132.0380,41,3.5,14.9,0.3,1.8,22
2022/02/04 08:17:00,32.7120,132.0530,39,3.8,17.2,0.4,1.8,33
2022/02/04 00:33:00,32.3030,129.7730,13,3.7,10.3,0.8,2.3,21
2022/02/03 03:36:00,35.8170,140.9220,29,4.3,14.7,0.7,1.9,14
2022/02/03 03:06:00,35.9030,140.8470,40,3.7,8.5,0.3,1.3,27
2022/02/02 12:02:00,36.1400,139.8580,50,3.6,15.9,0.2,1.3,59
2022/02/01 10:15:00,35.8030,140.8980,12,4.0,22.8,0.4,1.6,29
2022/02/01 08:08:00,39.0770,142.4000,47,3.9,29.6,0.4,1.7,37
2022/02/01 04:34:00,35.3550,139.5450,100,3.9,16.2,0.4,1.9,116
2022/01/31 18:00:00,35.6320,140.1050,69,3.8,5.7,0.2,1.0,45
2022/01/31 00:38:00,36.6980,140.5850,10,3.8,133.2,2.1,3.0,41
2022/01/30 15:36:00,34.6900,135.9430,9,4.0,36.8,0.9,2.4,61
2022/01/30 08:26:00,33.9620,135.7080,45,3.6,16.0,0.3,1.5,27
2022/01/30 02:14:00,34.0170,135.2130,6,2.8,25.0,0.3,1.0,4
2022/01/29 10:59:00,34.0170,135.2130,6,3.7,60.3,1.0,2.0,22
2022/01/29 06:22:00,39.0770,142.4020,46,4.0,14.8,0.2,1.2,35
2022/01/29 06:00:00,39.0800,142.4020,47,4.7,57.2,1.6,2.7,89
2022/01/28 10:35:00,38.2300,141.7170,52,4.0,42.2,0.5,2.0,61
2022/01/28 04:06:00,32.6470,131.9970,34,3.8,14.0,0.3,1.7,30
2022/01/28 00:25:00,34.1030,135.5800,59,3.9,36.1,0.5,1.8,51
2022/01/27 06:09:00,36.0370,140.3830,55,4.1,7.2,0.2,1.4,42
2022/01/23 19:15:00,32.7150,132.0600,37,3.7,11.8,0.2,1.5,22
2022/01/23 19:10:00,28.2950,129.4470,32,3.6,12.0,0.2,0.9,4
2022/01/23 09:57:00,38.5300,138.2720,12,4.3,23.0,1.0,2.0,32
2022/01/22 13:21:00,32.7120,132.0320,40,4.1,75.8,2.0,2.5,59
2022/01/22 13:05:00,43.3080,145.9120,90,4.1,12.9,0.3,1.9,20
2022/01/22 10:04:00,32.6830,132.0200,40,3.4,14.0,0.3,1.8,12
2022/01/22 08:32:00,32.7080,132.0600,39,3.5,6.5,0.2,1.0,17
2022/01/22 06:48:00,32.7100,132.0320,37,4.1,11.9,0.5,2.1,51
2022/01/22 05:31:00,32.7170,132.0580,38,4.7,71.3,2.2,3.3,97
2022/01/22 03:43:00,32.6450,132.0020,39,4.0,23.2,0.3,1.5,42
2022/01/22 03:17:00,32.7350,132.0750,45,4.0,15.7,0.6,2.2,50
2022/01/22 02:43:00,32.6650,132.0270,40,4.1,41.1,1.2,2.9,61
2022/01/22 02:20:00,32.6500,132.0150,39,4.0,24.3,0.6,2.3,48
2022/01/22 01:21:00,32.7080,132.0580,38,4.5,60.3,1.5,3.1,55
2022/01/22 01:17:00,32.7120,132.0750,37,3.9,12.2,0.2,1.2,27
2022/01/22 01:08:00,32.7150,132.0720,45,6.6,427.8,54.2,5.8,488
2022/01/19 16:34:00,32.8080,130.6200,14,3.3,9.5,0.2,1.0,17
2022/01/19 02:28:00,37.4070,141.9100,41,4.4,22.0,0.7,2.2,81
2022/01/18 22:50:00,36.8450,140.6270,8,4.0,105.6,1.4,2.8,53
2022/01/18 08:16:00,34.5480,137.6000,35,3.6,31.1,0.5,1.9,37
2022/01/16 10:40:00,34.1670,135.1720,4,2.8,15.7,0.4,1.5,4
2022/01/15 23:41:00,43.1480,146.0720,67,4.3,14.5,0.4,1.7,32
2022/01/15 10:28:00,38.2350,141.7480,51,4.2,79.9,1.3,2.5,87
2022/01/14 13:11:00,37.5120,137.2170,13,3.6,39.6,0.9,2.2,12
2022/01/14 00:56:00,35.3930,140.4200,58,3.5,11.3,0.2,1.2,26
2022/01/13 15:26:00,31.0870,131.4900,30,4.6,23.0,1.0,2.6,31
2022/01/13 00:46:00,30.4320,131.0580,32,4.4,22.4,0.4,2.2,18
2022/01/11 12:23:00,32.9950,131.9130,10,3.9,66.5,1.5,2.6,42
2022/01/11 09:52:00,38.8580,142.1080,44,3.9,36.2,0.5,1.9,24
2022/01/11 04:18:00,36.2780,140.6800,82,3.7,26.6,0.5,2.1,70
2022/01/10 00:55:00,28.3780,129.3380,15,3.8,19.1,0.3,1.1,4
2022/01/08 21:37:00,27.4480,128.6520,43,3.8,19.1,0.3,1.7,3
2022/01/07 07:24:00,27.4350,128.5580,49,4.3,17.2,0.4,2.0,4
2022/01/07 01:59:00,33.9020,135.4020,52,3.8,60.2,0.7,2.4,90
2022/01/05 21:34:00,36.1430,140.0320,49,3.8,67.8,1.0,2.7,107
2022/01/04 19:41:00,37.5100,137.2130,13,3.5,26.5,0.7,2.0,5
2022/01/04 14:35:00,37.6570,141.6280,55,4.2,25.9,0.9,2.6,67
2022/01/03 19:04:00,38.8650,142.0370,46,3.7,45.0,0.6,1.8,22
2022/01/03 18:46:00,23.9430,122.2170,27,6.3,2.6,0.4,1.5,2
2022/01/02 23:17:00,34.1250,135.1020,9,3.7,152.5,2.2,3.2,24
2022/01/02 07:46:00,35.7370,140.6800,50,3.8,7.1,0.3,1.4,17
2022/01/02 03:49:00,37.5000,137.2120,13,3.6,34.0,0.8,2.2,12
2022/01/01 16:02:00,24.8050,125.0530,28,4.0,20.5,0.4,1.3,2
2021/12/31 14:52:00,37.5130,137.2420,14,4.3,98.2,3.6,3.3,29
2021/12/31 04:02:00,34.2800,135.2700,8,3.3,39.2,0.6,1.4,14
2021/12/30 09:41:00,35.6430,140.1220,71,4.2,14.7,0.5,2.0,141
2021/12/29 11:33:00,35.7020,139.6150,31,3.5,29.0,0.5,2.0,56
2021/12/29 09:22:00,35.0750,135.6080,12,3.4,16.9,0.3,1.4,19
2021/12/28 04:17:00,34.2150,135.2030,4,2.6,147.7,1.3,2.1,1
2021/12/27 04:40:00,41.9500,142.3430,71,4.2,11.0,0.4,1.8,53
2021/12/26 18:50:00,33.7100,133.4130,6,3.2,45.8,0.6,1.2,7
2021/12/26 17:26:00,25.1380,125.6320,39,6.1,58.7,1.6,3.1,9
2021/12/26 00:13:00,36.9120,138.5720,5,3.4,28.1,0.4,2.0,16
2021/12/25 09:31:00,37.0620,139.8600,8,4.0,134.7,2.2,3.3,74
2021/12/25 04:41:00,36.9130,138.5750,6,3.4,42.7,0.6,2.0,14
2021/12/21 11:53:00,43.7300,146.0500,96,5.0,35.2,1.0,2.6,49
2021/12/21 01:05:00,42.3850,142.6570,39,4.8,42.7,1.7,3.0,174
2021/12/20 03:02:00,36.2380,139.7820,59,3.4,14.9,0.5,2.0,46
2021/12/18 09:16:00,35.4870,138.9520,24,3.4,21.1,0.3,1.7,41
2021/12/17 16:16:00,34.7920,139.2200,9,2.8,19.3,0.6,2.1,6
2021/12/17 04:36:00,27.8030,128.5170,63,4.0,15.4,0.3,1.9,4
2021/12/16 17:02:00,35.8180,139.9270,51,3.5,5.1,0.3,1.1,35
2021/12/15 00:47:00,35.2920,139.0080,1,2.2,7.0,0.1,0.9,2
2021/12/12 12:31:00,36.1330,139.8520,50,5.0,214.9,6.7,3.7,307
2021/12/12 06:34:00,43.2620,146.3220,46,4.5,18.8,0.5,2.2,20
2021/12/11 20:53:00,38.3300,141.6420,55,4.0,36.7,1.1,2.7,47
2021/12/11 16:59:00,35.2030,135.1720,15,3.7,138.0,1.8,2.9,35
2021/12/11 08:42:00,32.9620,131.1230,8,3.7,36.0,1.6,3.2,28
2021/12/10 23:29:00,32.9630,131.1230,8,3.0,10.3,0.4,2.0,8
2021/12/10 19:57:00,32.9630,131.1220,8,3.3,14.7,0.4,2.1,15
2021/12/09 11:05:00,29.3420,129.4500,14,6.1,17.2,1.4,2.9,6
2021/12/08 16:22:00,37.7230,141.5720,53,5.0,69.9,2.0,3.0,201
2021/12/08 02:29:00,37.1650,141.2080,17,5.2,49.4,1.6,3.1,205
2021/12/07 20:43:00,37.5180,137.2270,13,3.4,29.2,0.6,2.1,7
2021/12/07 20:41:00,37.5220,137.2300,13,3.2,16.4,0.3,1.5,6
2021/12/07 14:57:00,31.3780,130.5900,2,2.2,10.3,0.2,1.5,2
2021/12/07 10:48:00,34.7500,139.3220,7,3.2,8.1,0.2,1.3,10
2021/12/07 00:19:00,37.2220,138.4350,14,2.8,5.5,0.2,0.6,2
2021/12/06 23:33:00,41.4920,142.0580,55,4.3,32.3,0.6,2.3,55
2021/12/06 17:09:00,37.6650,141.3120,61,4.3,41.7,1.3,2.9,98
2021/12/06 13:46:00,34.7550,139.3280,6,3.2,8.7,0.3,1.4,12
2021/12/06 11:09:00,34.7550,139.3320,5,2.4,6.2,0.1,0.8,1
2021/12/05 05:16:00,34.7400,139.3480,5,2.1,3.9,0.1,0.5,1
2021/12/05 04:46:00,34.7520,139.3430,5,2.6,11.4,0.2,1.4,3
2021/12/05 04:42:00,34.7530,139.3470,4,2.9,7.9,0.2,1.3,5
2021/12/04 07:29:00,35.8400,137.5780,5,2.8,71.7,1.0,2.0,6
2021/12/04 00:56:00,37.0430,139.9500,11,3.5,36.7,0.4,2.0,27
2021/12/03 09:28:00,33.8000,135.1470,18,5.4,494.1,8.5,4.4,346
2021/12/03 06:37:00,35.5530,138.9900,19,4.8,320.4,9.8,4.5,293
2021/12/03 03:41:00,37.5200,137.2280,13,3.3,23.0,0.6,1.8,5
2021/12/03 02:23:00,35.5300,138.9820,21,3.8,71.2,1.1,2.6,56
2021/12/03 02:18:00,35.5270,138.9780,21,4.1,172.4,3.7,3.6,104
2021/12/02 17:25:00,37.6680,141.7100,53,4.7,31.2,1.6,2.6,102
2021/12/02 08:58:00,36.2170,139.9950,64,3.5,23.0,0.4,1.9,58
2021/12/02 01:58:00,36.2170,139.9900,65,5.1,179.6,6.2,4.3,281
2021/12/01 23:31:00,40.2430,140.8900,10,4.2,396.4,9.5,4.2,70
2021/12/01 05:50:00,37.7680,140.0630,7,4.0,40.8,1.1,2.5,39
2021/12/01 03:22:00,36.4330,137.5880,1,3.4,37.5,0.8,2.1,15
2021/11/30 07:06:00,39.5050,140.4620,9,2.7,6.3,0.3,1.3,5
2021/11/30 03:51:00,39.6370,142.1050,49,3.9,48.8,0.8,2.1,35
2021/11/29 21:40:00,31.2920,142.3770,90,6.4,6.9,0.6,1.9,201
2021/11/29 09:46:00,31.9400,130.8120,2,2.9,14.7,0.5,1.9,7
2021/11/29 07:32:00,31.9400,130.8120,3,3.2,15.1,0.4,2.0,12
2021/11/29 07:30:00,31.9400,130.8100,1,2.8,12.5,0.5,1.7,5
2021/11/29 07:27:00,31.9400,130.8150,0,3.2,32.2,1.0,2.4,12
2021/11/29 07:13:00,31.9400,130.8120,1,3.3,22.9,0.8,2.2,14
2021/11/29 06:12:00,31.9380,130.8070,0,3.0,12.9,0.5,2.0,9
2021/11/28 12:50:00,36.6980,138.4030,4,2.3,69.8,1.0,1.8,3
2021/11/27 08:41:00,35.2370,139.1250,13,3.3,67.8,0.9,2.0,20
2021/11/27 06:01:00,31.6270,130.7770,4,3.2,7.3,0.2,1.3,7
2021/11/25 18:51:00,34.6950,132.3230,12,3.6,89.9,2.2,3.1,29
2021/11/24 17:06:00,39.3320,142.0930,48,4.7,99.3,2.6,3.2,113
2021/11/24 04:25:00,35.8580,137.7150,9,3.1,28.4,0.5,1.6,13
2021/11/23 18:48:00,38.9050,142.2700,47,4.7,108.3,3.0,3.4,104
2021/11/23 08:52:00,35.0180,140.2020,33,3.5,7.6,0.3,1.7,16
2021/11/20 08:57:00,35.7330,139.5330,99,4.6,49.1,2.0,3.1,266
2021/11/18 16:15:00,40.8750,141.0320,9,3.0,25.0,0.4,1.7,13
2021/11/18 16:09:00,36.8170,138.7330,4,2.7,7.6,0.2,0.5,4
2021/11/18 13:11:00,40.8720,141.0300,9,2.9,17.3,0.4,1.5,8
2021/11/17 15:24:00,37.1650,141.1820,19,4.3,15.9,0.5,2.0,73
2021/11/17 07:46:00,37.6530,141.5900,53,4.0,11.0,0.3,1.8,48
2021/11/17 02:54:00,35.4270,139.1470,23,4.4,172.5,3.3,3.5,144
2021/11/15 20:05:00,34.1130,135.1980,6,3.2,48.8,0.7,1.8,10
2021/11/15 10:04:00,37.5230,137.2400,13,3.6,36.6,0.9,2.3,9
2021/11/14 23:23:00,34.3770,134.6650,14,4.0,59.4,1.0,2.5,85
2021/11/14 22:08:00,41.6370,141.5170,85,3.9,9.6,0.3,1.7,28
2021/11/13 13:45:00,31.1920,130.4630,149,4.7,17.8,0.3,1.8,106
2021/11/13 12:09:00,36.8170,138.7300,5,3.1,13.7,0.2,1.1,10
2021/11/13 08:49:00,34.3680,134.6630,14,4.1,65.7,1.2,2.5,72
2021/11/12 11:13:00,35.6470,140.2070,68,3.7,6.7,0.4,1.7,51
2021/11/11 13:44:00,36.7400,136.7820,12,2.9,18.2,0.4,1.5,3
2021/11/11 12:21:00,36.3980,141.1250,40,4.3,25.6,0.6,2.3,66
2021/11/11 00:45:00,23.7320,126.3670,115,6.5,18.3,1.2,2.6,12
2021/11/10 14:57:00,36.4430,141.0850,42,3.8,22.2,0.4,1.7,29
2021/11/09 01:14:00,37.0620,140.5830,6,4.9,198.0,10.9,4.3,200
2021/11/09 00:34:00,39.4300,142.0380,46,3.8,60.2,0.6,1.7,51
2021/11/08 04:22:00,41.0500,142.0400,57,4.3,19.9,0.4,2.0,64
2021/11/08 03:08:00,36.1950,140.0330,52,4.3,125.9,2.9,3.4,164
2021/11/07 04:40:00,36.0470,139.9030,44,4.0,46.5,1.1,2.4,83
2021/11/05 00:21:00,37.5130,137.2270,13,4.0,71.4,2.1,3.2,27
2021/11/04 22:47:00,37.5080,137.2180,11,3.5,21.1,0.6,2.1,8
2021/11/04 22:44:00,37.5150,137.2230,13,3.5,21.8,0.7,2.1,8
2021/11/04 00:58:00,42.9280,145.6030,38,3.8,21.6,0.4,2.0,18
2021/11/03 11:36:00,37.0630,141.1970,49,4.8,94.8,2.3,3.1,157
2021/11/03 11:10:00,36.2670,140.9900,34,3.6,23.6,0.6,2.3,19
2021/11/03 01:19:00,35.8180,138.1600,16,3.7,25.5,0.4,1.6,48
2021/11/02 19:06:00,37.5180,137.2320,13,3.9,42.4,1.2,2.5,13
2021/11/02 08:08:00,37.5200,137.2320,13,3.3,26.4,0.5,1.9,6
2021/11/02 06:17:00,37.5170,137.2330,14,3.6,34.2,0.8,2.2,8
2021/11/01 08:27:00,40.6500,141.6300,97,3.8,14.9,0.4,1.6,30
2021/11/01 06:14:00,36.4600,140.6120,57,5.3,147.0,6.7,4.1,355
2021/11/01 05:35:00,33.2750,135.6680,20,5.0,17.8,0.7,2.2,87
2021/11/01 00:41:00,37.5000,137.2120,13,3.6,26.8,0.6,2.0,11
2021/10/29 08:59:00,35.6570,140.0620,60,4.2,9.5,0.4,1.8,91
2021/10/28 21:28:00,35.8120,137.9480,10,3.1,32.0,0.4,1.5,14
2021/10/28 09:55:00,36.0630,139.9080,45,4.5,146.3,4.9,3.8,199
2021/10/28 05:53:00,39.7580,141.8350,59,3.8,31.7,0.6,2.4,46
2021/10/27 03:27:00,37.1800,141.4020,46,4.0,10.7,0.2,1.3,32
2021/10/27 01:28:00,37.2430,142.1720,23,5.0,28.0,1.5,2.7,140
2021/10/26 20:03:00,43.1080,145.8230,44,3.8,13.2,0.3,1.7,14
2021/10/24 14:11:00,24.4770,121.7270,73,6.3,4.3,0.6,1.7,3
2021/10/23 15:50:00,35.5070,138.9280,22,3.8,52.1,0.8,2.3,58
2021/10/23 08:23:00,30.5120,130.9230,9,2.8,38.4,0.7,2.3,2
2021/10/22 21:51:00,36.6650,136.7320,15,3.5,23.7,0.5,1.9,21
2021/10/21 17:37:00,32.1800,138.4500,356,5.6,20.6,0.7,2.5,250
2021/10/21 16:44:00,38.8880,141.9700,49,3.8,46.5,0.6,2.0,22
2021/10/20 07:10:00,41.5520,142.9120,34,4.2,4.8,0.3,1.6,7
2021/10/19 21:36:00,41.5420,142.9050,38,5.4,35.5,2.0,3.0,204
2021/10/19 15:03:00,37.5120,137.2170,13,4.0,85.5,2.0,2.9,23
2021/10/18 11:01:00,38.1720,141.6920,52,4.1,49.8,0.9,2.6,69
2021/10/18 00:49:00,40.9420,142.2170,61,4.6,38.4,1.2,3.0,105
2021/10/16 21:48:00,35.0700,135.6180,12,3.9,72.8,1.0,2.6,71
2021/10/16 08:39:00,32.5050,130.5700,8,3.1,24.9,0.5,1.6,6
2021/10/15 16:53:00,34.7720,136.0980,56,3.6,23.7,0.3,1.3,49
2021/10/15 07:57:00,34.0230,135.2370,5,3.3,48.0,0.6,1.7,12
2021/10/15 06:42:00,35.4750,139.0420,20,3.6,32.2,0.7,2.3,51
2021/10/14 02:00:00,32.4430,133.2180,20,4.0,10.7,0.6,2.0,11
2021/10/10 23:16:00,42.3550,143.1100,51,4.7,56.5,1.2,3.0,123
2021/10/10 14:08:00,40.0200,142.2380,52,3.8,10.1,0.2,1.2,34
2021/10/09 19:11:00,27.3430,128.8570,33,3.9,22.2,0.5,2.2,3
2021/10/09 17:59:00,35.3170,138.8300,7,3.0,14.4,0.4,1.7,13
2021/10/09 14:32:00,39.9870,142.2450,54,4.7,75.9,1.1,2.9,104
2021/10/09 11:47:00,42.3800,141.9380,97,4.5,33.1,0.9,2.3,109
2021/10/09 11:16:00,35.5600,140.0850,71,3.4,7.3,0.3,1.4,36
2021/10/08 05:11:00,35.5620,140.0950,71,3.5,7.2,0.2,1.3,46
2021/10/07 22:41:00,35.5900,140.1030,75,5.9,179.9,21.0,4.8,495
2021/10/07 17:00:00,36.0750,139.9220,46,3.7,52.7,0.8,2.0,58
2021/10/06 17:13:00,31.2450,131.4800,43,5.4,119.8,8.4,4.4,107
2021/10/06 07:33:00,40.0030,142.2400,53,4.1,34.9,0.5,1.8,46
2021/10/06 03:03:00,25.7020,124.9780,29,5.4,7.8,0.4,1.7,2
2021/10/06 02:46:00,40.0070,142.2530,56,5.9,419.8,12.1,4.9,367
2021/10/06 02:30:00,25.7230,124.9900,24,5.5,8.6,0.6,1.9,2
2021/10/06 02:05:00,35.9870,139.5420,118,3.7,7.8,0.1,1.1,68
2021/10/05 21:09:00,37.5150,137.2400,13,3.5,15.2,0.5,1.7,9
2021/10/05 06:06:00,38.1800,141.8380,52,4.0,13.4,0.5,1.6,57
2021/10/05 03:21:00,34.0230,135.2350,5,3.0,39.4,0.5,1.1,5
2021/10/03 21:31:00,37.5150,137.2420,13,3.3,19.2,0.6,1.7,6
2021/10/03 14:43:00,37.5180,137.2400,13,3.8,38.4,1.0,2.6,13
2021/10/03 11:11:00,37.5100,137.2300,13,4.3,88.4,3.3,3.4,35
2021/10/02 13:01:00,38.4730,142.1150,27,4.0,26.5,0.3,1.6,46
2021/09/30 17:45:00,38.4300,141.9600,61,4.5,91.1,1.5,2.9,129
2021/09/30 14:16:00,27.8800,128.9800,45,3.5,8.1,0.2,1.4,1
2021/09/30 12:52:00,40.8920,142.3120,51,4.1,31.2,1.0,2.4,48
2021/09/30 01:26:00,35.8620,140.5420,37,3.6,35.1,0.8,2.1,41
2021/09/29 23:39:00,35.3200,138.8320,6,3.5,36.7,1.3,2.4,36
2021/09/29 19:53:00,27.9000,128.9480,45,3.9,14.3,0.3,1.7,2
2021/09/29 17:37:00,38.7970,135.6500,394,6.1,33.3,1.9,3.2,409
2021/09/29 12:26:00,36.4330,140.6480,54,4.2,88.1,1.8,3.3,122
2021/09/27 20:26:00,36.6470,141.1050,50,4.8,85.8,1.6,3.1,153
2021/09/27 20:25:00,36.2700,137.6320,4,3.7,28.5,0.5,2.0,31
2021/09/27 19:58:00,38.6230,141.8970,48,4.0,24.9,0.5,1.8,36
2021/09/27 19:54:00,36.2700,137.6320,4,4.3,44.0,0.8,2.4,29
2021/09/24 18:48:00,37.3650,138.4020,16,4.1,5.1,0.3,1.2,11
2021/09/24 14:19:00,35.2820,133.3420,7,2.9,16.8,0.3,1.6,8
2021/09/22 04:33:00,43.4720,146.2430,67,4.1,21.0,0.5,1.9,36
2021/09/20 17:17:00,31.5720,129.6720,9,3.5,39.1,0.8,2.0,5
2021/09/20 13:09:00,36.8030,138.1070,7,3.1,28.7,0.6,1.9,8
2021/09/20 12:00:00,36.2880,137.6270,4,3.2,36.5,0.4,1.5,7
2021/09/19 23:14:00,32.6230,130.6280,15,3.5,19.4,0.4,1.6,26
2021/09/19 19:30:00,36.3450,137.6270,1,3.4,10.1,0.2,1.0,14
2021/09/19 19:08:00,36.3020,137.6280,2,3.4,16.0,0.4,1.8,11
2021/09/19 19:04:00,36.2870,137.6320,4,4.7,106.1,1.3,2.8,57
2021/09/19 18:59:00,36.3030,137.6250,3,4.4,41.0,0.9,2.4,50
2021/09/19 17:59:00,36.3430,137.6250,2,3.2,9.1,0.2,1.0,7
2021/09/19 17:26:00,36.3430,137.6200,3,3.5,16.6,0.3,1.4,13
2021/09/19 17:19:00,36.3400,137.6180,1,4.9,20.2,0.5,1.8,34
2021/09/19 17:18:00,36.3450,137.6230,0,5.3,104.6,3.1,3.3,135
2021/09/19 08:07:00,36.4680,140.6080,55,4.1,101.5,2.3,3.4,143
2021/09/18 05:21:00,38.1980,141.6230,54,4.0,194.5,2.4,3.1,71
2021/09/17 12:16:00,37.7830,141.5130,49,4.4,30.5,0.6,2.0,74
2021/09/16 19:01:00,37.5100,137.2920,12,3.5,32.4,0.8,2.2,8
2021/09/16 18:47:00,37.5080,137.2930,12,3.2,29.6,0.8,1.9,6
2021/09/16 18:42:00,37.5050,137.3000,13,5.1,327.1,13.2,4.7,144
2021/09/16 16:30:00,32.6980,130.6750,13,2.9,14.0,0.2,1.2,8
2021/09/14 07:46:00,32.4600,137.9950,385,6.0,18.2,1.1,2.5,237
2021/09/13 14:29:00,34.0680,135.1370,6,3.3,28.7,0.5,1.9,8
2021/09/13 13:59:00,39.3330,142.0770,48,4.0,52.6,0.7,2.1,45
2021/09/13 06:31:00,34.8470,139.8270,52,4.2,30.8,0.9,2.6,81
2021/09/13 00:16:00,32.7870,130.6380,12,3.7,17.2,0.4,2.1,41
2021/09/12 18:08:00,42.8170,141.9700,10,3.5,27.2,1.0,2.5,12
2021/09/12 11:17:00,33.1220,132.0670,45,4.2,25.8,0.6,2.1,71
2021/09/11 19:56:00,35.1070,135.5180,7,3.2,19.1,0.3,1.5,16
2021/09/11 11:52:00,34.0330,134.1500,44,3.6,32.4,0.5,1.9,47
2021/09/08 03:41:00,39.1430,141.7320,63,4.0,51.0,0.5,1.8,60
2021/09/07 14:07:00,37.5120,137.2270,13,4.2,53.5,1.3,2.7,19
2021/09/07 05:59:00,31.1870,131.4670,29,4.4,7.6,0.4,1.9,22
2021/09/06 23:59:00,34.0680,135.1370,6,3.0,28.2,0.5,1.5,4
2021/09/06 23:50:00,42.6950,145.0830,58,4.4,11.4,0.4,1.6,35
2021/09/06 10:35:00,37.0680,139.3480,7,2.4,33.4,0.4,1.7,2
2021/09/03 03:03:00,32.5000,130.5350,12,3.3,17.0,0.3,1.0,26
2021/09/02 04:17:00,37.7020,141.6170,59,4.6,52.5,1.6,2.9,123
2021/09/01 17:16:00,37.6930,141.6620,53,4.2,8.9,0.2,1.3,48
2021/09/01 15:08:00,42.7900,142.2020,0,2.4,20.8,0.4,1.5,4
2021/09/01 05:39:00,34.2150,135.3100,6,3.7,20.6,0.3,1.3,20
2021/09/01 02:55:00,33.8050,135.3600,46,3.8,54.2,0.9,2.0,42
2021/08/31 18:17:00,33.0580,131.1530,8,3.5,57.4,1.5,3.2,27
2021/08/30 20:39:00,36.7270,139.1750,8,3.6,57.9,1.0,2.6,63
2021/08/30 11:15:00,33.0570,131.1570,8,3.6,38.6,0.9,2.7,26
2021/08/27 13:04:00,37.3670,140.2820,105,3.9,11.2,0.4,1.5,52
2021/08/27 05:49:00,36.4180,141.0950,40,5.1,73.6,1.6,2.9,196
2021/08/27 05:46:00,36.4130,141.0920,41,4.5,41.5,0.9,2.6,122
2021/08/25 16:14:00,36.1680,140.0250,54,3.9,34.1,0.7,2.3,104
2021/08/25 04:38:00,27.4550,129.3220,31,4.9,9.1,0.3,1.5,3
2021/08/24 05:20:00,36.1470,139.8600,50,3.5,23.9,0.4,1.9,63
2021/08/23 21:11:00,35.6420,134.5730,7,3.5,43.4,0.5,2.0,7
2021/08/23 04:16:00,40.1400,141.4150,95,4.0,23.1,0.6,2.5,50
2021/08/22 11:24:00,37.6070,141.6370,60,5.1,122.5,7.4,4.1,213
2021/08/22 06:14:00,37.9170,138.1670,16,3.7,39.3,0.6,2.3,12
2021/08/21 16:40:00,37.5150,137.2380,13,3.7,41.8,1.2,2.5,8
2021/08/21 05:54:00,35.6470,140.0600,70,3.5,14.1,0.4,1.8,48
2021/08/20 08:30:00,41.4980,142.0480,56,4.0,12.4,0.2,1.3,21
2021/08/20 05:00:00,34.2450,133.8230,17,3.4,65.8,1.3,2.5,25
2021/08/19 07:15:00,35.0570,133.0430,6,3.5,68.7,1.2,2.7,22
2021/08/18 12:03:00,37.4620,137.1880,13,3.2,16.3,0.4,1.7,7
2021/08/18 01:31:00,35.0580,133.0420,6,4.3,179.1,4.2,3.7,75
2021/08/17 08:56:00,38.9180,141.9370,51,3.9,36.8,0.6,1.7,36
2021/08/16 19:24:00,32.7400,130.5980,11,3.1,15.3,0.3,1.5,11
2021/08/16 08:17:00,35.4550,136.3300,13,4.4,217.3,5.0,3.4,213
2021/08/16 05:03:00,35.4500,136.3330,13,4.6,259.1,6.4,3.5,236
2021/08/16 00:50:00,37.2550,139.5150,6,2.0,58.4,0.5,1.8,1
2021/08/14 22:38:00,37.5080,137.2220,14,4.2,66.9,2.1,2.8,17
2021/08/13 19:30:00,37.4650,137.1900,12,3.5,18.6,0.5,1.8,11
2021/08/13 14:36:00,36.9370,141.4030,11,4.6,13.8,0.5,1.8,59
2021/08/13 09:48:00,36.5830,140.9200,49,3.8,15.0,0.3,1.6,41
2021/08/12 20:36:00,34.9670,140.3350,73,4.2,25.4,0.8,2.5,79
2021/08/11 17:20:00,36.2230,137.6700,4,3.3,29.8,0.8,2.4,11
2021/08/11 03:36:00,36.7420,140.7820,16,2.9,27.6,0.4,1.6,5
2021/08/10 18:39:00,40.3930,141.2470,10,3.3,24.2,0.5,1.8,16
2021/08/09 12:52:00,37.3050,138.8830,10,3.1,12.2,0.2,1.3,12
2021/08/08 08:54:00,31.2470,130.6130,8,2.9,33.1,0.5,1.8,6
2021/08/08 08:51:00,31.2470,130.6130,7,2.5,21.4,0.3,1.5,3
2021/08/08 08:49:00,31.2450,130.6150,8,3.5,103.1,2.3,3.1,13
2021/08/05 11:14:00,24.3580,122.9800,49,4.4,4.0,0.1,0.6,2
2021/08/05 06:50:00,24.7330,122.3470,55,6.3,1.4,0.2,0.7,1
2021/08/04 22:13:00,37.4580,137.1820,13,3.6,22.2,0.5,2.2,8
2021/08/04 13:40:00,36.1630,141.7470,21,5.7,14.3,0.7,2.1,119
2021/08/04 11:56:00,36.2580,141.8400,18,5.1,8.6,0.4,1.6,93
2021/08/04 05:43:00,36.1930,141.9080,6,5.4,13.6,0.8,2.2,138
2021/08/04 05:33:00,36.2050,141.8050,18,6.0,32.3,2.2,3.0,289
2021/08/03 22:20:00,37.3420,142.0670,40,4.6,6.5,0.2,1.5,34
2021/08/03 21:37:00,36.9950,141.5030,70,4.1,17.6,0.4,1.9,64
2021/08/03 19:29:00,36.2000,141.8050,17,5.1,13.0,0.6,2.2,109
2021/08/03 13:38:00,42.8150,140.9830,145,4.5,4.8,0.3,1.5,18
2021/08/02 17:24:00,35.7130,140.8730,9,3.4,12.7,0.5,1.7,8
2021/08/02 16:43:00,43.2050,145.8480,48,4.0,11.5,0.3,1.6,18
2021/08/02 09:37:00,35.0620,133.0450,6,4.4,225.5,5.2,3.9,96
2021/08/01 22:50:00,37.0870,140.7430,102,3.9,51.5,0.6,2.0,77
2021/08/01 16:53:00,26.7930,128.4180,31,4.1,23.6,0.6,2.0,4
2021/07/31 14:26:00,43.2970,141.7700,176,5.1,14.3,0.5,1.9,103
2021/07/31 13:09:00,33.7970,134.6320,45,4.5,75.6,2.6,3.0,183
2021/07/30 13:05:00,40.0950,142.4380,38,4.4,14.7,0.4,1.9,67
2021/07/30 03:26:00,34.9800,135.5820,8,3.7,70.2,1.4,2.8,47
2021/07/29 01:21:00,36.6320,138.4100,0,2.8,20.2,0.3,1.2,5
2021/07/28 00:55:00,35.9720,140.9820,10,4.6,47.5,1.2,3.0,97
2021/07/27 05:19:00,37.3380,141.3420,81,4.5,55.3,2.6,2.9,143
2021/07/26 11:16:00,41.4780,142.1370,52,5.2,88.3,4.6,4.0,192
2021/07/26 06:12:00,32.1220,132.1500,43,3.7,14.2,0.2,1.5,10
2021/07/25 08:54:00,35.8870,137.6170,6,2.4,44.1,0.5,1.6,4
2021/07/24 13:34:00,37.0380,139.2780,4,3.6,46.5,0.5,2.1,15
2021/07/23 03:14:00,36.4370,140.6600,53,3.6,20.7,0.3,1.6,35
2021/07/20 13:58:00,28.1080,129.5180,34,4.2,11.3,0.4,2.0,4
2021/07/20 09:42:00,30.6680,130.8680,8,3.3,2.4,0.1,0.5,1
2021/07/18 23:09:00,36.2100,137.6680,3,3.6,91.0,2.6,3.5,25
2021/07/18 22:32:00,33.9430,134.6220,40,3.7,34.4,0.7,2.2,40
2021/07/18 22:10:00,37.0550,139.2800,5,2.7,26.2,0.3,1.6,4
2021/07/18 19:11:00,37.0530,139.2770,4,4.6,109.4,1.4,2.9,69
2021/07/18 18:50:00,37.0370,139.2770,4,4.7,117.9,1.6,3.3,118
2021/07/18 15:59:00,42.6080,143.4930,69,3.5,8.1,0.2,1.5,21
2021/07/18 14:35:00,33.9680,133.9280,45,4.4,66.7,1.7,3.1,164
2021/07/18 01:21:00,37.6150,141.6180,58,4.4,23.8,0.7,2.1,95
2021/07/17 20:50:00,33.6380,131.8550,76,5.1,151.0,7.6,4.3,316
2021/07/17 18:07:00,36.3230,137.6150,3,4.3,46.8,1.4,2.7,47
2021/07/16 20:50:00,33.2430,139.4600,10,4.5,5.7,0.3,1.5,1
2021/07/16 14:09:00,33.2200,139.4650,17,4.0,6.6,0.2,1.3,1
2021/07/16 13:54:00,33.2320,139.4650,10,4.3,7.1,0.2,1.5,1
2021/07/16 13:20:00,33.2700,139.4800,16,5.4,46.7,2.3,3.3,7
2021/07/13 12:12:00,32.6520,130.6850,11,3.3,17.2,0.4,2.0,13
2021/07/13 09:30:00,45.5900,151.5030,30,6.2,3.2,0.3,1.3,25
2021/07/13 08:20:00,33.4500,131.0000,9,2.7,16.8,0.2,1.0,6
2021/07/12 05:31:00,34.9680,134.8200,14,3.2,59.0,0.4,1.2,15
2021/07/11 16:24:00,37.5100,137.2370,14,3.3,21.7,0.5,1.8,8
2021/07/11 11:34:00,28.1300,128.0980,10,4.7,2.1,0.1,0.5,1
2021/07/11 09:16:00,37.5030,137.2700,13,3.9,250.6,4.9,3.7,23
2021/07/10 01:26:00,40.4220,141.9630,63,3.9,30.6,0.6,1.9,39
2021/07/08 02:39:00,34.0770,132.9020,43,3.9,23.5,0.3,1.7,88
2021/07/08 01:24:00,33.7120,132.2720,50,4.3,48.8,2.7,3.3,179
2021/07/07 10:51:00,43.1220,144.2520,92,3.9,37.7,0.7,2.4,36
2021/07/06 18:34:00,28.1380,128.0830,7,4.7,1.4,0.1,0.7,1
2021/07/06 07:30:00,28.1430,128.0850,17,4.4,1.6,0.0,0.1,1
2021/07/05 06:03:00,36.0530,137.5920,6,2.5,29.4,0.6,2.1,4
2021/07/04 15:35:00,36.6450,140.9330,49,4.2,161.5,3.9,3.4,106
2021/07/04 01:24:00,39.6320,142.1030,49,4.0,68.3,1.3,2.5,48
2021/07/04 00:47:00,32.7620,129.7370,13,3.2,15.7,0.2,1.2,9
2021/07/03 01:46:00,35.7670,140.9000,12,4.1,30.0,1.0,1.9,43
2021/07/02 10:48:00,41.5730,142.0930,54,3.8,4.4,0.1,0.7,12
2021/07/01 06:44:00,39.1970,142.1650,49,4.2,56.5,1.0,2.6,81
2021/06/30 22:18:00,39.5320,140.4650,130,4.5,7.2,0.3,1.5,50
2021/06/30 21:37:00,35.7550,140.8720,10,4.2,23.3,0.8,2.1,47
2021/06/30 12:53:00,37.1570,141.3670,46,4.0,15.6,0.5,1.7,44
2021/06/30 01:36:00,38.7580,141.5850,74,3.7,26.4,0.3,1.6,44
2021/06/29 14:55:00,31.7280,131.8200,41,4.7,26.9,1.5,3.0,71
2021/06/27 00:21:00,37.6870,141.5970,52,3.7,16.2,0.5,2.1,31
2021/06/26 23:23:00,32.7770,130.6700,11,2.9,5.0,0.1,0.5,7
2021/06/26 01:24:00,37.5080,137.2350,14,4.1,69.5,2.0,3.3,28
2021/06/26 00:49:00,32.5030,130.5820,13,4.0,102.6,1.6,2.8,71
2021/06/25 22:36:00,35.2500,140.5500,45,3.2,5.2,0.2,0.7,11
2021/06/22 19:03:00,34.2520,135.4270,6,2.9,85.9,0.8,1.2,7
2021/06/22 17:10:00,43.5300,145.3620,125,3.7,14.9,0.2,1.5,15
2021/06/20 20:08:00,43.4770,142.6830,158,5.4,20.0,0.9,2.2,190
2021/06/20 02:20:00,35.4120,138.9830,12,3.5,49.0,0.9,2.1,29
2021/06/19 07:39:00,33.4600,132.5130,42,4.7,124.6,2.3,3.2,217
2021/06/17 01:41:00,35.5170,139.0200,15,3.6,54.9,0.8,1.9,45
2021/06/14 04:06:00,36.8150,140.5850,8,4.3,243.2,3.9,3.4,87
2021/06/14 03:49:00,36.9000,140.5100,7,3.3,41.0,0.7,1.9,16
2021/06/13 20:58:00,40.9780,142.0030,59,3.8,9.9,0.2,1.1,15
2021/06/13 16:16:00,27.4430,128.5670,48,4.1,21.4,0.5,2.0,4
2021/06/13 04:12:00,36.9830,141.1170,59,3.4,11.3,0.2,1.2,47
2021/06/11 17:34:00,39.8630,142.2670,32,3.8,18.0,0.4,1.9,42
2021/06/10 20:35:00,42.2130,142.8730,73,4.3,11.1,0.5,1.9,89
2021/06/10 18:56:00,40.9930,142.4150,47,4.6,37.0,1.2,2.8,91
2021/06/09 22:06:00,40.0900,142.4280,38,5.0,31.3,1.0,2.8,135
2021/06/09 17:27:00,35.5530,139.5830,132,4.4,31.8,0.8,2.7,221
2021/06/09 07:34:00,39.8630,142.2780,33,4.9,120.1,1.7,3.2,118
2021/06/08 17:00:00,32.6530,130.6830,11,3.9,98.8,4.0,3.8,54
2021/06/08 10:19:00,37.8080,141.6270,75,4.9,31.7,1.2,2.9,196
2021/06/07 11:11:00,42.7320,143.9850,68,4.1,45.3,1.2,2.7,43
2021/06/07 03:11:00,34.5730,140.2270,93,5.1,72.6,3.0,3.5,120
2021/06/04 16:41:00,36.1820,137.6620,4,3.3,34.7,0.6,2.1,19
2021/06/03 10:31:00,37.2480,137.1600,15,4.1,45.0,1.6,3.1,37
2021/06/01 13:43:00,40.1300,142.4550,39,4.7,12.2,0.5,1.9,76
2021/05/30 23:40:00,35.8370,139.9430,28,3.3,10.3,0.3,1.4,31
2021/05/30 14:24:00,37.4630,137.1900,12,3.1,15.4,0.4,1.7,8
2021/05/29 19:10:00,42.0450,142.6520,63,4.9,50.6,1.9,3.2,104
2021/05/29 10:02:00,36.3420,141.8330,32,5.7,14.6,0.9,2.3,205
2021/05/29 09:04:00,36.3600,141.8530,28,5.0,9.2,0.4,1.8,92
2021/05/29 08:21:00,36.3500,141.8620,24,5.3,10.8,0.7,2.1,123
2021/05/27 06:04:00,40.4570,143.2130,32,4.8,6.7,0.3,1.6,74
2021/05/26 17:50:00,36.4820,140.5300,58,3.5,25.8,0.3,1.3,48
2021/05/26 08:57:00,33.9280,135.4080,51,3.9,48.4,0.8,2.0,34
2021/05/26 03:56:00,40.3420,142.1250,49,3.7,12.2,0.2,1.2,22
2021/05/25 01:19:00,37.6820,141.6230,54,4.2,19.0,0.4,1.8,72
2021/05/24 23:41:00,25.6350,126.9700,57,4.6,2.8,0.1,0.9,2
2021/05/24 04:09:00,35.9370,140.1250,62,4.3,25.5,1.0,2.4,161
2021/05/23 18:15:00,37.7620,141.7070,56,3.9,9.2,0.2,1.3,36
2021/05/21 07:16:00,37.0520,139.8430,9,4.2,336.0,8.8,4.1,103
2021/05/20 05:27:00,40.3650,142.2080,45,4.1,50.1,1.3,3.0,54
2021/05/19 06:40:00,38.1700,141.6930,52,3.9,26.8,0.3,1.9,37
2021/05/17 12:00:00,35.2470,140.3180,19,3.2,5.6,0.2,0.9,8
2021/05/16 15:41:00,37.5980,141.5580,53,4.5,32.2,0.9,2.3,127
2021/05/16 12:24:00,42.1000,144.4730,8,6.1,89.3,4.3,3.8,198
2021/05/16 10:08:00,35.5130,140.4100,19,3.7,40.8,0.7,2.2,40
2021/05/16 07:19:00,36.0580,139.9350,44,3.4,18.0,0.3,1.5,46
2021/05/16 01:20:00,36.0520,137.5850,5,3.4,104.4,2.8,3.5,23
2021/05/14 20:46:00,42.4900,142.5930,20,4.6,42.9,1.6,3.0,74
2021/05/14 18:37:00,35.6580,139.6420,72,4.1,23.2,0.6,2.2,125
2021/05/14 17:08:00,44.3570,141.7750,8,2.9,9.9,0.4,1.5,3
2021/05/14 08:58:00,37.6980,141.7620,46,6.3,120.4,5.7,3.8,493
2021/05/14 06:38:00,32.3280,131.8950,25,3.5,9.5,0.1,0.9,9
2021/05/12 08:30:00,40.1330,142.3900,40,4.1,11.9,0.3,1.6,55
2021/05/11 15:08:00,34.8350,135.6150,12,3.6,36.7,1.0,2.0,53
2021/05/10 20:29:00,43.6780,141.6730,5,3.3,19.1,0.4,1.9,8
2021/05/10 14:23:00,36.2250,138.8280,7,2.0,6.4,0.1,-0.3,2
2021/05/10 00:22:00,34.3570,139.2370,6,2.3,21.8,0.5,2.1,1
2021/05/10 00:17:00,34.3550,139.2320,7,2.5,35.2,0.7,2.5,1
2021/05/07 17:57:00,36.1080,136.3200,10,2.7,27.4,0.4,1.5,5
2021/05/07 00:15:00,42.3280,142.4380,83,4.0,7.6,0.3,1.7,47
2021/05/06 20:09:00,34.1850,135.0720,10,3.1,9.2,0.1,0.9,5
2021/05/06 13:32:00,33.8850,134.8750,44,3.8,13.0,0.3,1.7,52
2021/05/06 09:16:00,32.6920,130.7080,14,4.0,61.1,2.4,3.1,85
2021/05/05 04:33:00,43.2830,146.4970,59,4.5,30.9,0.7,2.2,24
2021/05/05 03:10:00,37.1930,141.6700,36,5.1,35.0,1.4,2.8,175
2021/05/03 21:34:00,36.2550,136.9030,6,2.7,115.4,1.8,2.7,5
2021/05/03 14:07:00,25.6150,123.8530,192,5.7,11.8,1.0,2.4,10
2021/05/03 08:00:00,42.6780,143.0650,79,4.2,30.2,0.8,2.5,75
2021/05/01 13:33:00,43.5470,144.1080,0,3.3,11.5,0.3,1.5,18
2021/05/01 10:27:00,38.1730,141.7400,51,6.8,560.1,23.3,5.4,721
2021/05/01 09:10:00,39.3550,140.7120,144,4.3,28.2,0.4,1.9,70
2021/04/30 15:40:00,40.3450,142.0420,52,3.6,20.4,0.4,1.8,16
2021/04/30 06:47:00,34.7850,139.2480,10,3.1,32.3,1.1,2.6,14
2021/04/29 19:18:00,35.0130,132.9380,7,3.2,58.0,0.9,2.2,11
2021/04/27 15:30:00,34.7880,139.2500,11,2.8,15.9,0.6,2.0,4
2021/04/27 10:24:00,34.7950,139.2470,9,2.7,12.6,0.4,1.8,6
2021/04/24 20:42:00,36.6530,137.8700,4,2.9,7.0,0.2,0.8,5
2021/04/24 18:35:00,39.9900,142.0750,57,4.3,57.6,0.8,2.6,75
2021/04/24 12:12:00,35.2620,138.4300,20,3.3,45.0,1.1,2.7,37
2021/04/24 06:34:00,38.4180,141.6720,54,3.9,37.8,0.6,1.9,37
2021/04/23 16:26:00,30.5570,131.4070,34,4.4,6.2,0.3,1.6,14
2021/04/23 15:42:00,24.8820,125.3620,19,3.7,55.5,0.9,1.8,2
2021/04/23 14:12:00,37.1050,141.1120,51,4.0,67.6,1.3,2.8,54
2021/04/23 08:00:00,35.3220,138.1030,38,3.5,16.7,0.3,1.7,44
2021/04/21 22:07:00,34.7950,139.2430,9,3.1,17.1,0.5,2.0,12
2021/04/21 21:30:00,34.7880,139.2470,10,3.3,12.0,0.2,0.9,6
2021/04/21 21:29:00,34.7930,139.2450,11,4.3,56.5,1.5,3.0,28
2021/04/21 20:55:00,34.7950,139.2570,14,3.1,15.0,0.5,2.0,9
2021/04/21 20:46:00,34.8000,139.2550,14,3.1,27.4,0.7,2.5,10
2021/04/21 04:43:00,34.9700,135.5350,12,3.1,29.2,0.3,1.3,14
2021/04/21 02:39:00,36.3100,138.6120,165,4.6,7.7,0.5,1.9,102
2021/04/20 09:58:00,34.9900,135.6180,8,3.1,22.3,0.3,1.4,10
2021/04/20 03:10:00,37.6800,141.7120,60,4.2,12.9,0.4,1.9,56
2021/04/19 22:50:00,35.0600,137.2830,38,3.3,102.7,1.3,2.0,32
2021/04/19 13:06:00,38.0420,141.4180,65,4.7,44.4,1.2,2.7,139
2021/04/18 23:46:00,36.8950,139.8050,9,3.2,32.5,0.7,2.2,20
2021/04/18 09:29:00,38.3170,141.8630,48,5.8,185.9,4.5,3.7,368
2021/04/18 05:14:00,35.0120,132.9350,7,3.6,360.9,5.1,3.8,30
2021/04/16 21:32:00,36.5030,137.7580,2,2.9,11.9,0.3,1.3,2
2021/04/16 20:51:00,38.3150,141.7700,50,3.9,45.2,0.7,2.4,59
2021/04/16 17:55:00,32.7380,132.4580,31,4.0,25.9,0.5,1.9,22
2021/04/16 08:33:00,39.8570,139.7480,10,3.9,53.3,2.3,2.9,16
2021/04/16 05:47:00,42.3050,140.5570,18,4.4,104.2,2.9,3.2,58
2021/04/16 04:29:00,39.8530,139.7480,10,3.9,34.8,1.6,2.4,28
2021/04/15 20:23:00,41.5770,142.0600,61,4.3,10.1,0.3,1.6,42
2021/04/15 12:10:00,36.5050,137.7620,2,2.8,38.6,0.7,1.9,3
2021/04/15 09:11:00,36.5030,137.7600,1,2.5,20.2,0.3,1.2,2
2021/04/14 19:02:00,38.3220,141.5920,55,4.0,21.1,0.4,1.8,64
2021/04/14 12:27:00,41.5030,142.0400,56,4.4,14.5,0.3,1.9,82
2021/04/13 22:53:00,36.5050,137.7580,2,3.6,38.9,1.4,2.6,14
2021/04/13 17:37:00,33.7730,135.4370,17,3.2,23.4,0.3,1.0,13
2021/04/13 16:54:00,33.7680,135.4350,18,4.2,94.7,1.6,2.7,63
2021/04/13 13:09:00,34.0600,135.1280,6,2.7,39.9,0.4,1.0,3
2021/04/12 23:01:00,29.3000,129.3450,14,5.3,3.3,0.3,1.4,1
2021/04/12 04:18:00,29.3250,129.4250,20,4.0,1.7,0.1,0.7,1
2021/04/12 03:59:00,36.1350,139.9980,70,3.6,9.5,0.3,1.7,50
2021/04/12 01:14:00,35.7450,136.0850,13,3.4,26.1,0.7,1.7,22
2021/04/11 15:39:00,43.1650,145.5800,51,3.8,36.7,0.6,2.2,22
2021/04/11 05:40:00,29.3250,129.3880,20,4.6,1.9,0.1,0.8,1
2021/04/10 16:36:00,29.3080,129.2730,21,5.1,1.5,0.1,0.7,1
2021/04/10 15:52:00,29.3170,129.3050,19,4.5,3.0,0.2,1.3,1
2021/04/10 07:07:00,29.3150,129.4230,22,5.3,13.8,1.2,2.6,2
2021/04/10 01:59:00,37.7700,141.6930,54,4.2,18.6,0.4,1.7,56
2021/04/10 00:48:00,44.3020,142.1980,1,1.9,8.7,0.2,1.5,1
2021/04/09 22:47:00,44.3020,142.2030,0,2.1,14.6,0.3,1.8,1
2021/04/09 17:54:00,39.7580,141.8330,58,4.0,42.3,1.1,2.9,63
2021/04/07 01:44:00,43.0580,145.5600,45,4.2,25.1,0.5,2.2,37
2021/04/06 03:19:00,36.5070,137.7570,2,2.5,14.0,0.3,1.3,2
2021/04/05 14:36:00,36.5070,137.7550,2,2.7,15.3,0.3,1.3,2
2021/04/05 06:22:00,34.6750,137.6980,36,4.3,41.9,1.2,2.6,115
2021/04/05 06:20:00,43.4830,144.0350,0,2.7,24.4,0.5,2.0,2
2021/04/05 02:42:00,43.4780,144.0330,0,3.3,66.7,1.6,3.1,14
2021/04/05 02:21:00,43.4820,144.0280,0,2.5,21.3,0.2,1.6,1
2021/04/05 02:20:00,43.4750,144.0320,0,3.5,49.5,1.7,3.1,17
2021/04/04 20:27:00,27.4100,128.6220,45,3.7,7.8,0.1,0.9,3
2021/04/03 21:58:00,38.9030,142.0720,45,4.5,77.6,1.7,3.0,121
2021/04/03 01:36:00,37.7280,141.6720,56,4.1,13.0,0.3,1.8,66
2021/04/02 08:36:00,42.7030,143.1300,80,3.4,12.6,0.4,1.9,20
2021/04/02 06:38:00,31.7350,130.5220,8,2.8,154.9,2.0,2.7,6
2021/04/01 13:30:00,41.5120,142.0780,55,4.7,13.6,0.3,1.8,76
2021/03/31 15:56:00,36.5050,137.7550,2,2.4,15.1,0.2,1.1,2
2021/03/31 10:44:00,36.5050,137.7570,2,3.0,14.4,0.3,1.3,3
2021/03/31 03:08:00,35.0280,138.5350,25,3.9,32.6,1.0,2.1,51
2021/03/31 02:14:00,37.7080,140.0080,5,3.4,15.4,0.3,1.2,19
2021/03/28 17:12:00,42.0180,142.5980,64,4.2,9.2,0.4,1.7,35
2021/03/28 09:27:00,33.6520,140.4180,55,5.6,70.4,2.6,3.5,207
2021/03/27 22:56:00,32.0320,131.8630,27,3.6,19.7,0.5,1.9,7
2021/03/27 17:25:00,35.1750,136.8170,46,3.2,12.0,0.2,0.8,28
2021/03/27 07:02:00,26.0770,125.0400,152,6.2,14.7,0.8,2.1,13
2021/03/26 21:07:00,38.3200,141.6350,55,3.8,32.9,0.5,2.2,57
2021/03/26 16:43:00,34.0270,135.2380,4,2.4,19.6,0.2,0.5,1
2021/03/26 12:48:00,42.1350,142.7730,46,4.2,9.6,0.4,1.5,48
2021/03/24 19:25:00,38.3520,141.6300,55,3.8,17.7,0.4,1.8,43
2021/03/21 21:58:00,36.5030,137.7570,2,2.3,9.9,0.2,0.8,2
2021/03/21 15:56:00,34.9750,135.4080,11,3.1,56.6,0.6,1.5,15
2021/03/21 06:56:00,37.6650,141.6680,55,4.5,21.1,0.4,1.9,74
2021/03/21 01:41:00,38.2350,141.7480,51,4.0,48.9,0.5,1.8,43
2021/03/21 01:03:00,30.4000,131.0850,32,4.4,9.9,0.5,1.7,6
2021/03/20 20:50:00,34.0280,135.2370,4,2.5,23.1,0.3,0.8,2
2021/03/20 18:26:00,38.3050,141.6880,53,4.1,48.1,1.7,3.2,49
2021/03/20 18:18:00,38.3420,141.6150,56,4.1,24.4,0.9,2.5,46
2021/03/20 18:13:00,38.3300,141.6230,53,4.2,26.5,1.0,2.0,47
2021/03/20 18:09:00,38.4670,141.6270,59,6.9,747.7,36.5,5.8,775
2021/03/20 09:26:00,40.1270,142.4080,39,4.8,26.1,0.7,2.3,103
2021/03/20 01:50:00,32.4980,130.5750,14,4.0,59.7,0.8,2.2,71
2021/03/17 20:11:00,37.7120,141.6100,57,4.1,24.2,0.4,1.8,45
2021/03/17 17:29:00,37.6950,141.6130,57,5.2,120.9,3.1,3.7,222
2021/03/17 08:23:00,43.1080,145.8470,46,3.7,7.4,0.3,1.5,12
2021/03/16 04:56:00,36.1530,139.8180,54,4.9,196.5,2.7,3.8,266
2021/03/15 19:31:00,31.3300,130.6200,6,2.8,54.6,1.1,2.0,7
2021/03/15 11:37:00,34.0270,135.2520,5,3.1,55.6,0.5,1.4,9
2021/03/15 00:59:00,34.0280,135.2400,4,3.4,135.8,1.9,2.3,10
2021/03/15 00:26:00,34.0280,135.2470,4,4.6,299.8,4.1,3.5,94
2021/03/14 09:22:00,32.6430,130.7100,11,4.4,250.3,12.2,4.7,106
2021/03/14 08:52:00,35.9250,137.1780,12,3.2,28.8,0.6,2.1,22
2021/03/14 02:16:00,40.1330,142.4080,40,4.6,21.6,0.6,2.2,83
2021/03/12 06:53:00,37.6270,141.5280,53,4.1,22.5,0.4,1.7,48
2021/03/11 19:57:00,36.2180,137.6530,4,4.3,45.0,1.2,2.9,31
2021/03/11 16:44:00,32.6880,130.6750,10,2.9,11.9,0.5,1.9,7
2021/03/10 09:07:00,31.6600,130.7680,4,3.1,25.1,1.0,2.1,9
2021/03/09 08:30:00,38.7600,141.5920,76,4.9,199.0,3.6,3.5,186
2021/03/08 23:36:00,37.7250,141.5800,54,4.2,30.6,0.6,2.2,87
2021/03/07 21:44:00,37.6650,141.6150,54,4.2,20.0,0.4,2.0,58
2021/03/07 12:42:00,36.2380,140.9580,44,4.0,26.4,0.7,2.3,40
2021/03/07 02:05:00,32.6900,130.6780,10,3.0,15.8,0.5,1.9,6
2021/03/05 15:14:00,41.9870,142.5370,65,4.4,14.8,0.5,2.1,67
2021/03/05 05:16:00,31.3280,130.6180,7,2.5,15.0,0.4,1.8,6
2021/03/04 16:03:00,36.3480,137.6200,2,3.2,13.6,0.2,1.2,9
2021/03/04 11:22:00,35.7380,140.8720,10,4.3,47.2,1.9,2.6,55
2021/03/03 20:29:00,35.7370,140.8730,9,3.8,26.7,0.5,1.6,24
2021/03/03 06:23:00,43.8850,147.4670,0,5.9,22.0,0.8,2.7,88
2021/02/28 23:30:00,30.0500,131.3220,27,4.8,9.3,0.5,1.9,14
2021/02/28 11:20:00,34.9750,135.4070,10,3.7,73.1,0.9,2.2,37
2021/02/28 09:40:00,35.2700,133.1030,9,3.5,36.0,0.6,1.5,26
2021/02/27 02:04:00,37.7580,141.7150,55,4.8,43.8,0.8,2.5,122
2021/02/27 00:33:00,37.2130,141.2650,59,4.3,64.7,1.6,2.9,114
2021/02/26 20:31:00,41.0600,142.0870,65,4.5,35.7,1.3,2.9,123
2021/02/26 19:18:00,37.6700,141.6250,56,4.2,17.4,0.4,1.8,78
2021/02/26 14:03:00,37.5400,141.4180,52,3.9,21.8,0.5,1.5,32
2021/02/26 13:04:00,37.6300,141.5830,54,4.3,19.4,0.6,2.2,97
2021/02/23 16:09:00,33.5520,132.1580,53,4.2,28.6,1.1,2.7,115
2021/02/23 07:05:00,36.4670,138.0370,5,2.9,35.2,0.7,1.5,7
2021/02/23 06:22:00,37.5880,141.4850,51,4.1,13.4,0.4,1.8,39
2021/02/23 04:42:00,36.6400,140.6420,10,3.0,107.2,0.9,2.2,8
2021/02/22 11:57:00,34.2170,135.2120,4,3.3,211.9,2.7,2.7,7
2021/02/22 10:56:00,43.1030,145.7800,50,4.4,35.1,1.0,2.7,31
2021/02/21 00:06:00,34.9120,132.8000,14,3.5,30.0,0.5,1.6,31
2021/02/20 22:23:00,43.2700,146.7530,68,5.0,29.8,0.8,2.5,41
2021/02/20 10:17:00,38.2950,141.6170,55,3.8,38.0,0.5,2.0,44
2021/02/20 08:53:00,37.3850,141.5100,14,4.3,14.3,0.3,1.7,33
2021/02/20 04:01:00,37.6150,141.6130,58,4.2,25.0,0.5,1.7,66
2021/02/20 01:16:00,40.7050,142.8230,34,5.0,12.5,0.4,1.8,98
2021/02/19 18:11:00,40.1550,141.1830,7,4.2,46.7,0.7,2.1,44
2021/02/19 10:07:00,37.6780,141.5500,53,4.6,39.2,1.3,2.8,135
2021/02/18 21:42:00,37.5630,141.5780,59,4.1,22.4,0.6,2.2,72
2021/02/18 19:37:00,37.6020,141.5680,55,4.0,16.7,0.3,1.4,38
2021/02/18 16:50:00,40.9120,142.1080,56,3.8,7.9,0.1,1.0,17
2021/02/18 15:02:00,37.6670,141.6350,55,4.3,36.8,0.7,2.4,72
2021/02/18 11:52:00,37.6820,141.6270,54,4.1,17.0,0.3,1.6,33
2021/02/18 03:58:00,35.0650,137.2950,39,4.2,50.6,1.7,2.6,132
2021/02/18 01:46:00,27.4170,128.6130,44,4.0,23.6,0.4,1.7,3
2021/02/17 23:06:00,37.6280,141.5920,56,4.6,31.6,1.1,2.6,122
2021/02/17 07:07:00,38.3250,141.8820,46,4.3,68.5,0.8,1.9,82
2021/02/16 02:42:00,34.2130,135.2020,4,2.4,91.1,0.8,1.6,1
2021/02/16 00:37:00,35.4780,140.4070,32,2.8,11.5,0.2,0.9,8
2021/02/15 21:26:00,37.5180,141.4900,48,5.5,47.7,3.3,3.3,215
2021/02/15 20:59:00,37.6500,141.6170,55,4.2,31.7,0.6,2.3,79
2021/02/15 20:27:00,37.7120,141.7080,51,4.4,12.8,0.3,1.6,79
2021/02/15 14:18:00,34.2200,135.2080,4,2.1,77.7,0.7,1.5,1
2021/02/15 14:10:00,34.2150,135.2070,4,3.0,130.9,1.0,2.3,4
2021/02/15 13:56:00,34.2170,135.2050,4,2.2,94.3,0.8,1.7,1
2021/02/15 13:28:00,34.2170,135.2080,4,4.0,454.8,9.5,3.9,47
2021/02/15 13:00:00,34.2170,135.2080,4,3.1,81.3,1.2,2.4,6
2021/02/15 06:25:00,37.5480,141.4220,50,4.0,26.9,0.5,1.8,30
2021/02/15 05:46:00,34.2170,135.2100,4,2.3,46.8,0.5,1.5,3
2021/02/14 20:41:00,37.6630,141.6030,54,4.1,9.4,0.3,1.4,50
2021/02/14 19:45:00,37.6380,141.5650,52,3.9,10.7,0.3,1.4,26
2021/02/14 18:26:00,37.5600,141.5480,56,4.3,31.6,0.8,2.6,103
2021/02/14 17:47:00,37.6020,141.5170,54,4.2,15.2,0.4,1.8,54
2021/02/14 16:59:00,37.6280,141.6300,57,4.1,12.3,0.3,1.7,65
2021/02/14 16:31:00,37.5170,141.4280,50,5.2,142.9,6.8,4.1,238
2021/02/14 14:53:00,37.6130,141.5570,53,4.2,13.2,0.4,1.8,47
2021/02/14 14:11:00,37.5830,141.6000,58,4.1,30.4,0.7,1.9,65
2021/02/14 03:25:00,39.0850,142.4070,47,5.1,110.8,2.7,3.5,145
2021/02/14 01:32:00,37.6730,141.5600,54,4.3,27.3,0.8,2.4,86
2021/02/14 01:14:00,37.7120,141.5400,52,4.2,10.8,0.3,1.7,64
2021/02/14 00:36:00,37.5720,141.4350,52,3.8,13.1,0.4,1.8,51
2021/02/14 00:15:00,37.6770,141.5800,54,4.1,14.9,0.5,1.9,54
2021/02/14 00:05:00,37.6820,141.6220,53,4.0,15.9,0.3,1.5,34
2021/02/13 23:58:00,37.6970,141.6630,55,4.4,18.1,0.4,1.9,63
2021/02/13 23:51:00,37.6550,141.6400,56,5.2,74.6,3.2,3.7,228
2021/02/13 23:36:00,37.6070,141.5980,58,4.6,61.6,1.5,2.9,119
2021/02/13 23:08:00,37.7280,141.6980,55,7.3,1432.4,82.1,6.4,931
2021/02/13 19:52:00,35.7450,138.5220,12,3.6,83.8,1.1,2.2,38
2021/02/13 00:52:00,36.3320,141.0970,34,4.0,27.5,0.6,2.2,52
2021/02/11 05:24:00,37.0400,139.3930,7,2.8,44.5,0.6,1.8,7
2021/02/09 07:35:00,43.4500,146.5720,76,4.0,7.6,0.2,1.3,16
2021/02/08 23:24:00,42.3550,144.9680,20,5.1,11.6,0.7,2.2,53
2021/02/08 02:26:00,33.7830,135.2100,46,3.8,14.1,0.2,1.1,30
2021/02/07 02:36:00,24.5930,122.5530,112,5.2,6.9,0.3,1.4,3
2021/02/06 14:10:00,35.8020,140.0870,70,4.3,17.1,1.0,2.5,132
2021/02/06 04:10:00,44.8930,142.1130,2,3.9,30.2,1.0,2.5,15
2021/02/06 04:02:00,44.8920,142.1170,7,3.5,23.4,0.8,2.4,11
2021/02/04 12:40:00,36.6070,140.9830,46,3.9,71.9,1.0,2.6,66
2021/02/03 15:47:00,38.6220,141.9000,47,3.8,45.4,0.5,1.6,27
2021/02/02 03:01:00,36.6450,139.4180,7,4.0,147.2,2.8,3.6,99
2021/02/01 23:30:00,34.0000,134.4300,7,4.0,94.6,1.8,3.1,61
2021/02/01 20:41:00,34.1450,135.1400,5,2.6,31.2,0.4,1.6,3
2021/02/01 16:17:00,32.5020,130.5780,14,4.0,31.2,0.4,1.8,73
2021/01/31 15:15:00,37.3470,141.3330,30,3.9,28.8,0.6,2.3,31
2021/01/31 14:06:00,36.7720,140.5830,10,3.7,186.7,2.9,2.9,40
2021/01/30 09:14:00,39.6630,142.0100,57,3.7,57.1,0.8,2.5,36
2021/01/29 11:49:00,41.9270,140.9680,9,2.2,22.9,0.4,1.9,1
2021/01/29 04:24:00,40.0380,141.7280,68,4.2,31.0,0.9,2.4,77
2021/01/29 03:24:00,37.0550,141.1600,49,4.0,38.3,0.7,1.9,78
2021/01/27 18:25:00,37.3220,141.0650,63,3.9,34.7,0.5,2.0,59
2021/01/27 17:45:00,41.9320,140.9670,8,2.7,61.9,1.1,2.8,1
2021/01/27 15:44:00,34.2570,135.4300,6,2.8,24.1,0.2,0.7,8
2021/01/27 15:29:00,32.5980,130.6630,14,3.4,18.4,0.4,1.8,19
2021/01/27 14:07:00,42.7100,142.0200,128,5.4,36.1,2.6,3.3,251
2021/01/26 12:33:00,34.2500,133.7620,19,3.2,16.2,0.3,1.2,15
2021/01/26 08:25:00,36.4550,140.6420,64,4.2,81.3,1.5,3.0,120
2021/01/25 16:25:00,23.4250,123.6230,55,5.5,5.0,0.3,1.5,5
2021/01/25 03:24:00,42.1130,144.8700,11,5.1,5.6,0.5,1.9,31
2021/01/24 23:45:00,24.8920,125.3430,27,3.6,10.0,0.2,0.6,2
2021/01/24 18:13:00,35.9220,141.0950,16,4.0,12.5,0.3,1.3,24
2021/01/24 00:57:00,32.5970,130.6620,13,3.9,32.6,1.0,2.5,79
2021/01/23 22:12:00,37.1000,141.5070,42,4.5,20.3,0.4,2.0,102
2021/01/23 20:19:00,38.8900,141.9700,49,3.9,33.3,0.5,1.7,38
2021/01/23 17:38:00,34.8780,137.8930,15,3.2,25.0,0.4,1.8,19
2021/01/23 14:39:00,42.3470,142.7270,111,4.6,14.1,0.7,2.2,119
2021/01/23 01:04:00,37.2650,141.5430,22,4.6,18.2,0.8,2.2,85
2021/01/22 14:46:00,32.7770,130.4950,9,3.8,18.9,0.5,2.0,43
2021/01/20 22:52:00,34.2020,135.2000,5,2.5,78.2,0.8,1.9,3
2021/01/19 05:47:00,38.9170,141.9370,51,4.0,43.5,0.6,2.1,35
2021/01/19 05:11:00,37.4830,137.2700,6,2.8,11.1,0.3,1.6,5
2021/01/18 23:55:00,28.2550,129.9670,22,3.5,2.6,0.1,0.6,2
2021/01/18 23:45:00,41.4830,141.0370,9,2.7,3.7,0.1,0.4,3
2021/01/16 19:26:00,36.2120,137.6600,3,2.9,18.2,0.4,1.7,7
2021/01/16 17:08:00,39.6370,142.1050,49,3.9,47.0,0.9,2.2,37
2021/01/16 08:19:00,36.6850,138.1480,5,2.7,12.3,0.3,1.5,6
2021/01/15 22:38:00,33.8900,137.2850,364,5.3,15.9,0.6,2.1,184
2021/01/15 17:40:00,42.4500,143.2550,53,4.6,21.0,0.5,2.1,97
2021/01/15 16:38:00,27.5770,128.8470,17,3.5,12.0,0.3,1.6,1
2021/01/15 12:59:00,37.2070,141.2020,31,3.6,16.2,0.3,1.3,28
2021/01/15 11:16:00,37.7470,138.3650,21,3.2,19.3,0.6,2.1,6
2021/01/14 00:57:00,38.2730,141.8150,57,3.9,28.1,0.3,1.4,32
2021/01/13 19:29:00,36.2350,137.6570,3,3.0,13.4,0.3,1.5,9
2021/01/12 11:39:00,43.6370,139.9850,235,6.0,13.3,0.6,2.1,241
2021/01/10 15:38:00,37.7730,141.5920,49,4.2,10.3,0.3,1.3,43
2021/01/09 14:36:00,37.8470,142.5330,42,4.7,7.9,0.2,1.5,37
2021/01/09 00:04:00,41.5220,141.3400,93,3.5,5.1,0.1,1.2,14
2021/01/07 04:17:00,33.8270,133.7500,39,3.8,32.2,0.5,1.8,46
2021/01/03 14:24:00,25.9630,128.6250,32,5.2,3.7,0.3,1.5,4
2021/01/02 22:36:00,38.7000,142.2670,42,4.1,21.5,0.3,1.6,37
2021/01/02 15:35:00,35.3730,136.9780,10,2.8,9.3,0.1,0.5,11
