Download Time:2026/05/18 12:22:04,Search Date:2024/01/02 - 2026/05/18 Magnitude(min):4.5 
Origin Time,Latitude[degree],Longitude[degree],Depth[km],Magnitude,Max Acc[gal],Max Vel[cm/s],Seismic Intensity,Number of stations
2026/05/15 20:22:00,38.9000,142.1000,50,6.3,433.9,11.4,4.6,299
2026/05/15 00:34:00,24.9000,142.5000,10,6.0,0.3,0.0,-1.0,4
2026/05/14 05:01:00,39.8000,141.4000,10,5.0,455.7,11.4,5.0,124
2026/05/10 01:18:00,24.5000,123.9000,10,4.8,35.2,0.7,2.3,3
2026/05/08 08:31:00,37.5000,141.6000,50,4.6,18.7,0.5,2.1,109
2026/05/07 15:39:00,29.2000,129.4000,20,4.6,1.5,0.1,0.7,1
2026/05/05 08:54:00,39.9000,143.1000,30,5.2,28.1,1.1,2.6,155
2026/05/02 18:28:00,34.1000,135.6000,70,5.7,227.5,6.1,4.1,477
2026/05/02 02:19:00,42.9000,145.5000,40,4.7,63.2,2.2,3.2,48
2026/04/27 05:24:00,42.6000,143.1000,80,6.1,369.0,22.3,5.2,447
2026/04/27 01:57:00,40.0000,142.7000,30,5.0,17.5,1.4,2.8,110
2026/04/22 09:01:00,40.5000,142.6000,10,5.1,13.7,1.0,2.6,97
2026/04/20 21:56:00,39.6000,143.5000,10,5.4,10.7,1.0,2.6,99
2026/04/20 16:53:00,39.8000,143.2000,10,7.5,428.6,15.2,5.1,681
2026/04/18 14:54:00,36.6000,137.9000,10,5.1,312.9,12.7,4.4,193
2026/04/18 13:20:00,36.6000,137.9000,10,5.0,147.3,5.6,3.9,153
2026/04/12 22:00:00,38.2000,141.8000,60,4.7,58.8,0.9,2.5,112
2026/04/04 19:36:00,38.4000,141.9000,60,4.9,183.0,3.0,3.5,165
2026/04/02 09:52:00,38.2000,141.7000,50,4.8,127.2,1.4,2.8,145
2026/04/01 10:06:00,36.1000,140.0000,50,5.0,242.6,6.4,4.3,294
2026/03/29 16:07:00,28.1160,128.0400,26,5.3,2.6,0.1,0.7,3
2026/03/28 00:24:00,39.3850,143.1890,18,4.9,3.3,0.3,1.6,30
2026/03/26 23:18:00,39.4400,143.3060,15,6.7,39.1,3.2,3.5,342
2026/03/26 16:37:00,40.6900,142.6820,41,4.7,21.6,0.9,2.5,95
2026/03/21 20:12:00,29.4760,130.7120,59,5.4,5.7,0.5,1.9,4
2026/03/16 03:56:00,41.3850,142.6920,40,4.9,14.6,0.6,2.2,115
2026/03/16 01:32:00,40.8640,143.4040,16,4.7,4.4,0.4,1.7,29
2026/03/15 14:06:00,36.3340,139.4210,83,4.5,28.2,1.2,2.7,191
2026/03/14 04:55:00,39.3620,143.3910,14,5.2,10.0,0.9,2.5,69
2026/03/10 20:42:00,24.1560,125.1590,24,4.6,8.0,0.2,1.2,2
2026/03/10 15:28:00,37.3970,141.0580,59,4.7,137.5,3.2,3.8,163
2026/03/10 00:45:00,42.0320,140.3560,145,5.8,18.6,1.3,2.4,237
2026/03/08 22:17:00,39.4020,143.2310,17,6.1,27.0,2.6,3.4,185
2026/03/08 22:08:00,39.3750,143.2320,14,5.6,19.4,1.8,3.1,98
2026/03/07 07:39:00,25.3430,124.9570,12,5.2,7.1,0.5,1.7,2
2026/03/07 05:31:00,38.7550,142.4410,46,4.9,35.9,0.8,2.4,112
2026/03/05 19:48:00,25.3390,124.8620,5,5.2,4.7,0.5,1.5,3
2026/03/03 09:11:00,25.3690,124.8920,13,5.6,4.9,0.6,1.8,2
2026/03/03 02:20:00,25.3490,124.9490,14,5.4,5.8,0.5,1.5,3
2026/03/02 19:39:00,25.3510,124.8950,5,6.2,20.2,2.2,2.8,4
2026/03/02 13:56:00,25.3780,124.8790,5,5.5,4.9,0.5,1.6,2
2026/03/01 18:00:00,31.1140,130.5640,124,5.4,44.0,1.7,3.0,179
2026/03/01 06:41:00,25.2090,124.9440,11,5.0,9.2,0.3,1.4,4
2026/03/01 06:39:00,25.2580,124.9590,9,5.0,9.6,0.5,1.8,3
2026/02/28 21:56:00,25.3610,124.9000,11,5.7,8.2,0.6,1.9,2
2026/02/28 14:53:00,25.3580,124.9070,0,5.8,10.1,1.0,2.4,2
2026/02/28 10:49:00,25.4160,124.8970,0,5.9,7.6,0.6,1.7,4
2026/02/27 23:48:00,25.3710,124.9270,11,5.5,8.3,0.5,1.7,3
2026/02/27 15:11:00,25.2640,124.8720,0,5.2,3.6,0.3,1.4,2
2026/02/27 11:54:00,25.3690,124.9420,9,5.4,6.2,0.6,1.9,2
2026/02/26 02:17:00,31.6930,132.1490,42,4.9,20.9,1.6,2.9,64
2026/02/25 18:07:00,32.1450,132.7060,33,5.0,18.0,0.7,2.3,92
2026/02/25 03:16:00,39.5520,142.0170,54,4.6,55.3,1.6,3.0,106
2026/02/21 04:16:00,24.2960,122.8500,51,4.7,7.4,0.2,1.0,2
2026/02/20 23:16:00,41.5050,142.0910,54,5.1,27.6,0.6,2.4,164
2026/02/18 11:28:00,29.2880,130.5750,74,4.8,5.8,0.4,1.6,8
2026/02/13 06:48:00,25.8840,128.5890,48,5.6,16.4,0.7,2.3,8
2026/02/12 03:00:00,44.0550,147.3410,0,5.2,25.2,0.8,2.7,56
2026/02/05 09:19:00,35.6690,140.4180,67,4.5,8.8,0.5,1.8,132
2026/02/05 03:21:00,29.1510,130.3670,63,5.5,7.4,0.7,2.2,5
2026/02/03 18:03:00,36.7250,140.9580,51,4.8,170.8,3.6,3.4,191
2026/02/03 06:58:00,37.5800,142.2710,33,4.5,9.3,0.3,1.7,44
2026/01/29 10:25:00,35.0700,140.0830,24,4.5,35.8,1.7,3.0,31
2026/01/28 19:45:00,40.1840,143.1370,20,5.2,11.9,1.2,2.7,69
2026/01/28 15:34:00,45.0600,142.1860,0,4.8,296.6,7.8,4.3,33
2026/01/27 11:47:00,42.9300,146.3060,42,5.0,19.5,1.3,2.6,40
2026/01/24 06:19:00,36.6300,140.6250,7,4.5,424.9,8.7,4.1,109
2026/01/22 23:31:00,41.0400,142.5190,46,5.5,48.7,1.7,3.3,209
2026/01/21 02:51:00,41.4850,142.0240,58,5.3,29.0,1.1,2.6,183
2026/01/17 04:34:00,41.2590,142.7360,35,5.4,29.6,1.0,2.8,162
2026/01/15 14:48:00,36.3620,137.6250,0,5.2,75.4,1.8,3.0,134
2026/01/15 14:40:00,36.3600,137.6160,0,4.8,56.4,1.4,2.8,79
2026/01/15 07:13:00,42.7120,145.3870,31,5.6,42.1,1.6,3.0,96
2026/01/13 16:34:00,44.3690,148.9420,30,6.3,8.9,0.4,1.8,50
2026/01/13 01:58:00,45.0460,142.1710,0,5.2,1752.2,73.1,5.9,51
2026/01/13 01:10:00,45.0400,142.1620,0,4.7,1278.0,47.1,5.9,25
2026/01/12 09:50:00,45.0310,142.1940,0,5.1,1031.5,67.2,5.6,32
2026/01/11 13:15:00,39.5520,141.8990,63,5.1,426.4,12.0,4.9,173
2026/01/09 20:08:00,35.4320,140.4460,30,4.6,81.0,3.0,3.4,106
2026/01/07 03:04:00,41.4550,142.1410,53,4.7,15.8,0.5,2.0,113
2026/01/06 10:37:00,35.3090,133.1780,14,5.5,197.4,9.9,4.6,252
2026/01/06 10:28:00,35.3140,133.2360,12,5.1,341.7,10.6,4.3,207
2026/01/06 10:18:00,35.3120,133.2160,11,6.4,518.0,27.4,5.2,416
2026/01/01 01:30:00,40.9050,143.0590,23,4.8,5.5,0.4,1.8,48
2025/12/31 23:27:00,40.0640,142.8890,32,6.1,48.3,5.2,3.9,288
2025/12/31 08:51:00,39.4500,142.5910,31,4.6,16.1,0.3,1.8,74
2025/12/31 07:19:00,39.5520,143.4390,13,5.0,3.9,0.4,1.7,39
2025/12/30 17:12:00,27.6680,128.7120,19,5.7,197.6,4.6,3.9,11
2025/12/28 00:06:00,24.6280,121.9710,86,7.0,12.0,1.3,2.5,4
2025/12/26 01:25:00,41.1820,142.6010,43,4.5,8.8,0.2,1.5,45
2025/12/26 01:17:00,41.1640,142.5860,42,5.8,32.2,2.0,3.1,236
2025/12/23 18:44:00,33.0850,137.9350,330,5.1,6.6,0.2,1.4,91
2025/12/21 10:29:00,40.7200,142.2570,51,5.6,79.9,2.7,3.6,224
2025/12/20 21:58:00,42.7240,146.0240,14,5.0,14.5,0.7,2.4,32
2025/12/20 21:33:00,42.7490,146.0420,14,4.8,20.9,0.7,2.6,30
2025/12/20 21:30:00,42.7320,146.0490,15,5.4,21.3,0.9,2.6,47
2025/12/18 09:50:00,39.7350,143.2020,12,4.7,12.9,0.4,1.9,50
2025/12/17 18:50:00,41.2490,142.4860,45,4.8,9.5,0.4,1.9,68
2025/12/16 14:38:00,40.8900,143.0620,15,5.3,27.6,1.1,2.8,154
2025/12/16 11:45:00,38.7620,141.7040,100,4.5,138.9,2.5,3.2,119
2025/12/15 04:03:00,37.0440,136.6310,7,4.7,49.0,1.3,2.8,60
2025/12/14 23:26:00,37.0500,136.6280,8,4.9,209.7,6.5,3.8,70
2025/12/12 19:05:00,36.1900,140.0610,52,4.9,242.0,7.1,4.1,231
2025/12/12 12:21:00,40.9850,143.0060,17,5.7,44.2,2.2,3.2,208
2025/12/12 11:44:00,40.8970,142.9690,17,6.9,148.3,9.3,4.5,512
2025/12/12 07:09:00,40.9950,143.1710,16,5.0,4.5,0.5,1.9,56
2025/12/12 03:11:00,41.2440,142.8220,29,4.5,6.9,0.3,1.7,44
2025/12/10 23:52:00,40.8320,142.7590,36,6.0,57.4,2.4,3.3,300
2025/12/09 18:09:00,41.2640,142.4220,47,5.3,34.7,1.6,2.9,177
2025/12/09 08:59:00,40.8100,142.9270,26,5.4,12.5,0.7,2.3,132
2025/12/09 07:07:00,40.9970,143.2240,19,4.7,7.5,0.4,1.9,63
2025/12/09 06:52:00,40.9400,143.3040,15,6.6,60.1,3.9,3.8,375
2025/12/09 04:01:00,40.9370,143.1990,18,4.8,8.2,0.4,1.7,68
2025/12/09 03:56:00,40.9470,143.1310,19,6.1,26.9,1.9,3.0,233
2025/12/09 00:57:00,40.8850,143.1420,20,4.9,8.6,0.4,1.7,61
2025/12/08 23:33:00,40.8800,142.5910,42,5.9,61.7,1.7,3.4,199
2025/12/08 23:15:00,40.9640,142.2910,54,7.5,517.4,47.4,5.6,749
2025/12/07 09:16:00,39.4590,143.4360,15,4.8,3.5,0.3,1.5,29
2025/12/02 19:03:00,42.9350,145.4620,45,5.2,262.1,8.3,4.2,104
2025/12/01 09:48:00,42.1090,142.5560,46,4.5,20.2,0.9,2.5,92
2025/12/01 02:26:00,38.2090,141.7990,59,4.7,88.1,1.1,2.5,131
2025/11/27 01:43:00,42.4570,144.3270,74,4.6,29.0,0.9,2.5,76
2025/11/25 18:01:00,32.9940,131.1090,9,5.8,283.9,25.8,5.1,219
2025/11/21 21:22:00,39.6150,143.5620,12,5.7,6.9,0.6,2.0,92
2025/11/21 08:36:00,25.6340,124.7550,121,5.0,19.7,0.3,1.5,4
2025/11/18 17:21:00,40.9300,142.6260,45,4.8,13.3,0.7,2.2,114
2025/11/18 04:06:00,39.7370,143.2360,11,5.7,34.8,2.9,3.4,152
2025/11/14 04:58:00,39.2850,143.5410,13,5.4,5.2,0.5,2.0,49
2025/11/12 09:29:00,39.7550,143.3540,15,5.4,10.0,0.8,2.3,85
2025/11/10 18:59:00,39.5690,143.2670,13,5.2,5.6,0.3,1.5,45
2025/11/10 16:23:00,39.5550,143.5590,8,6.4,22.3,2.4,3.3,217
2025/11/10 16:22:00,39.5520,143.5760,12,5.3,4.5,0.2,1.3,13
2025/11/10 12:00:00,39.1390,143.0270,20,5.5,10.1,0.8,2.5,99
2025/11/10 10:20:00,39.2100,143.5840,12,5.5,4.3,0.4,1.8,34
2025/11/10 00:46:00,39.4890,143.3240,13,5.0,5.9,0.4,1.9,49
2025/11/10 00:44:00,39.4850,143.3560,15,4.9,4.9,0.5,1.9,38
2025/11/09 18:28:00,39.6050,143.5570,10,5.9,13.4,1.3,2.7,128
2025/11/09 18:16:00,39.4620,143.3490,11,5.1,5.0,0.3,1.6,40
2025/11/09 18:10:00,39.4700,143.3770,10,5.5,11.7,1.1,2.7,70
2025/11/09 17:54:00,39.4490,143.4040,14,6.6,29.4,2.0,3.1,258
2025/11/09 17:49:00,39.3590,143.3870,15,5.5,11.5,1.1,2.6,71
2025/11/09 17:34:00,39.4300,143.4790,16,5.9,9.5,0.8,2.3,96
2025/11/09 17:14:00,39.4770,143.5240,6,6.1,8.2,0.8,2.3,88
2025/11/09 17:11:00,39.5620,143.3910,7,5.1,7.3,0.5,1.8,84
2025/11/09 17:07:00,39.5220,143.4590,10,4.5,3.4,0.3,1.6,24
2025/11/09 17:06:00,39.6140,143.4690,11,4.6,3.6,0.3,1.5,27
2025/11/09 17:03:00,39.3990,143.5110,16,6.9,36.3,3.5,3.6,380
2025/11/09 09:17:00,39.3450,143.3840,15,5.2,3.3,0.3,1.6,33
2025/11/09 07:33:00,39.3850,143.4620,14,5.1,3.7,0.2,1.0,28
2025/11/09 07:15:00,39.4300,143.4740,13,5.9,14.8,1.3,2.7,134
2025/11/09 06:04:00,39.3650,143.4240,13,5.5,12.7,1.2,2.8,80
2025/11/09 05:29:00,39.4270,143.5060,15,5.4,5.1,0.4,1.9,63
2025/11/08 11:36:00,39.3570,143.4560,14,4.7,3.8,0.3,1.6,27
2025/11/07 01:23:00,32.0390,132.0350,23,4.7,29.3,0.6,2.1,55
2025/11/06 23:29:00,41.9600,144.5970,15,4.6,3.1,0.3,1.6,14
2025/11/05 07:17:00,34.8300,140.8180,42,4.9,19.0,0.9,2.3,41
2025/11/04 04:16:00,39.3500,143.5570,12,5.3,4.3,0.3,1.6,51
2025/10/30 17:00:00,37.1250,141.3730,5,4.7,23.8,0.8,2.4,74
2025/10/26 12:04:00,36.6200,139.4550,5,4.7,274.3,4.8,4.0,237
2025/10/25 01:40:00,42.9290,145.6210,40,5.8,327.5,11.0,4.6,146
2025/10/24 06:09:00,37.4420,141.8450,50,4.9,40.4,1.5,3.0,128
2025/10/22 18:17:00,42.9200,145.4770,43,5.1,168.4,6.6,3.6,66
2025/10/13 12:25:00,38.6070,142.4020,62,4.6,32.3,0.6,2.1,109
2025/10/07 09:30:00,37.5270,141.3760,52,5.0,113.3,4.1,4.1,218
2025/10/05 00:21:00,37.4150,141.5880,45,6.0,49.8,2.1,3.1,334
2025/10/01 23:50:00,38.6950,141.9790,59,4.6,146.4,2.4,3.0,112
2025/09/13 23:22:00,29.9130,129.9890,10,4.5,9.1,0.1,1.1,4
2025/09/13 00:57:00,43.1120,146.7160,44,4.7,11.0,0.4,1.9,17
2025/09/08 08:24:00,37.3940,137.1360,13,4.5,207.6,5.4,4.1,60
2025/08/30 18:26:00,39.3300,142.0740,48,4.7,109.7,1.6,2.8,68
2025/08/30 01:51:00,37.2970,141.6060,44,4.9,31.0,0.7,2.2,127
2025/08/30 01:29:00,38.4400,142.2040,41,5.8,253.4,4.7,3.7,294
2025/08/29 04:54:00,36.6550,140.9860,88,4.5,58.6,1.3,3.0,156
2025/08/28 18:50:00,42.9640,145.9860,15,4.6,17.5,0.5,2.1,19
2025/08/28 12:12:00,26.6130,127.7620,44,4.5,15.8,0.4,2.0,6
2025/08/22 07:34:00,38.6800,142.2460,43,5.6,102.3,2.1,3.4,198
2025/08/21 10:44:00,34.4970,139.4130,16,4.8,24.2,1.4,2.6,17
2025/08/19 07:19:00,42.0050,140.6860,133,5.1,12.5,1.0,2.5,128
2025/08/18 08:33:00,34.1490,137.8210,13,4.6,9.3,0.5,1.8,41
2025/08/17 06:13:00,32.0340,131.9370,29,5.7,95.8,6.5,4.1,209
2025/08/14 04:13:00,36.4520,141.0880,47,5.2,81.7,3.0,3.6,229
2025/08/12 18:11:00,42.3540,144.5610,22,5.5,67.1,2.3,3.4,131
2025/08/07 16:45:00,24.5340,122.9400,106,5.6,21.5,1.2,2.6,5
2025/08/07 08:47:00,33.1250,131.2120,2,4.8,106.0,3.2,3.7,61
2025/08/02 07:27:00,42.3670,145.4190,13,5.4,22.1,1.4,2.9,49
2025/08/02 06:18:00,43.2300,146.3190,67,4.5,29.9,0.7,2.5,31
2025/07/30 08:24:00,52.5100,160.3290,35,8.8,3.9,1.0,1.5,105
2025/07/28 12:10:00,42.3270,143.1270,51,5.2,160.5,3.7,3.9,208
2025/07/28 02:04:00,37.8370,141.6330,83,4.5,58.4,0.9,2.3,113
2025/07/25 11:17:00,32.7970,130.1300,9,4.8,148.8,5.4,3.8,125
2025/07/18 03:44:00,41.1400,143.1490,17,4.7,4.8,0.3,1.7,40
2025/07/16 02:15:00,29.3040,129.4440,12,4.7,3.3,0.2,1.3,1
2025/07/15 23:47:00,36.4570,140.6150,56,4.9,109.3,2.6,3.5,219
2025/07/15 13:20:00,29.3180,129.4820,12,5.4,9.6,0.8,2.4,2
2025/07/13 23:22:00,29.3010,129.5040,9,4.5,1.9,0.1,0.9,1
2025/07/13 20:29:00,29.2890,129.5150,10,4.7,5.9,0.5,2.0,1
2025/07/13 20:19:00,29.3180,129.4720,9,4.9,4.2,0.3,1.6,1
2025/07/12 11:00:00,29.3110,129.5040,13,4.9,4.2,0.3,1.7,2
2025/07/11 16:30:00,29.2710,129.4550,13,4.9,2.6,0.2,1.1,1
2025/07/11 16:21:00,29.2780,129.4390,12,4.8,4.9,0.4,1.8,1
2025/07/11 16:09:00,29.2660,129.4600,11,5.0,2.3,0.2,1.1,1
2025/07/08 11:00:00,29.3430,129.4200,28,4.6,3.8,0.3,1.5,1
2025/07/07 12:02:00,29.3280,129.4920,15,4.5,2.5,0.2,1.2,1
2025/07/07 00:12:00,29.3440,129.4770,22,5.1,3.7,0.3,1.5,2
2025/07/06 23:50:00,29.3410,129.5020,18,4.5,6.1,0.4,1.8,2
2025/07/06 23:44:00,29.3410,129.5120,17,4.5,1.8,0.1,1.0,1
2025/07/06 18:40:00,43.5650,147.0120,45,4.8,9.6,0.2,1.5,22
2025/07/06 14:07:00,29.3590,129.5140,23,5.5,6.5,0.5,1.9,4
2025/07/06 14:01:00,29.3440,129.5070,21,4.9,1.9,0.1,1.0,1
2025/07/06 12:42:00,29.3160,129.5250,9,4.5,1.9,0.1,0.9,1
2025/07/05 12:47:00,29.3380,129.4540,22,4.7,2.9,0.2,1.3,1
2025/07/05 06:29:00,29.3310,129.4720,19,5.4,13.0,0.9,2.6,3
2025/07/05 03:44:00,29.3460,129.4850,22,4.8,3.8,0.2,1.3,2
2025/07/05 03:14:00,36.6950,142.0460,18,4.9,10.7,0.5,2.0,91
2025/07/05 02:58:00,29.2930,129.4320,17,4.6,2.2,0.2,1.0,1
2025/07/03 16:13:00,29.3530,129.5240,20,5.5,7.4,0.6,2.1,4
2025/07/03 15:18:00,29.3310,129.4750,9,4.6,3.4,0.2,1.3,1
2025/07/03 15:11:00,29.3380,129.4320,21,4.8,6.5,0.5,2.0,1
2025/07/03 14:31:00,29.3030,129.5140,19,4.6,3.6,0.3,1.4,1
2025/07/03 06:51:00,29.3290,129.4870,17,4.5,6.3,0.5,2.0,2
2025/07/02 15:26:00,29.2530,129.0540,1,5.6,3.2,0.3,1.4,2
2025/07/02 14:53:00,29.2340,129.0700,1,5.3,1.5,0.1,0.8,1
2025/07/02 04:32:00,29.3310,129.4870,16,5.1,23.7,1.9,3.1,2
2025/07/01 17:10:00,29.3190,129.4300,16,4.9,5.6,0.4,1.9,1
2025/06/30 18:33:00,29.3230,129.4400,22,5.3,14.4,1.2,2.8,2
2025/06/30 12:36:00,29.3480,129.3940,26,4.5,2.3,0.2,1.1,1
2025/06/29 16:12:00,29.3140,129.4740,17,5.3,12.9,1.0,2.7,2
2025/06/29 11:36:00,29.3290,129.4170,23,4.5,1.7,0.1,0.7,1
2025/06/29 10:14:00,29.3260,129.4040,20,5.4,8.8,0.7,2.4,3
2025/06/27 13:17:00,29.3330,129.3850,20,4.8,4.0,0.4,1.5,1
2025/06/24 16:04:00,29.3090,129.3800,18,5.1,2.0,0.2,1.0,1
2025/06/24 02:55:00,42.2820,144.4890,12,4.9,21.6,0.7,2.5,34
2025/06/24 02:23:00,29.2860,129.3850,9,4.9,2.2,0.2,0.9,1
2025/06/23 23:36:00,29.3210,129.4020,21,5.0,2.7,0.2,1.2,1
2025/06/23 16:46:00,29.2610,129.3240,20,4.7,1.3,0.1,0.6,1
2025/06/22 17:15:00,29.3510,129.2850,24,5.1,3.5,0.3,1.5,1
2025/06/22 12:12:00,29.3130,129.3840,19,4.5,2.7,0.2,1.2,1
2025/06/22 06:25:00,42.8670,146.5660,20,5.1,12.3,0.6,2.1,14
2025/06/22 06:23:00,42.8870,146.4960,24,6.0,24.5,1.1,2.6,63
2025/06/22 05:53:00,29.3110,129.3840,21,4.6,1.8,0.2,0.8,1
2025/06/22 02:52:00,29.3140,129.3820,20,4.5,1.8,0.1,0.8,1
2025/06/22 00:05:00,42.8890,146.6240,22,5.0,15.3,0.8,2.2,21
2025/06/19 16:37:00,33.6390,139.5580,23,4.7,9.1,0.5,1.8,7
2025/06/19 08:08:00,42.9090,146.5160,25,6.0,41.7,2.7,3.3,87
2025/06/18 21:30:00,32.0770,131.9320,25,4.7,21.8,0.7,2.2,67
2025/06/14 19:46:00,38.4550,142.1460,41,5.0,61.6,0.8,2.4,132
2025/06/11 20:00:00,23.3730,121.5880,38,6.0,2.5,0.2,1.2,1
2025/06/11 18:30:00,42.3500,144.5170,23,4.6,12.4,0.4,2.0,38
2025/06/05 23:51:00,37.7590,141.7230,63,4.6,30.5,1.4,2.6,120
2025/06/05 04:55:00,42.3570,144.5690,21,4.5,9.8,0.3,1.6,29
2025/06/03 22:18:00,41.7440,143.6310,33,5.2,13.5,1.0,2.5,57
2025/06/02 15:46:00,37.8470,141.7440,62,4.5,40.4,0.7,2.5,75
2025/06/02 11:31:00,38.4170,142.2170,30,4.8,87.2,2.1,3.5,150
2025/06/02 04:08:00,41.7520,143.6590,28,4.6,8.2,0.4,1.6,23
2025/06/02 03:52:00,41.7120,143.7220,27,6.1,120.2,7.4,4.2,246
2025/05/31 20:37:00,42.3490,144.5690,20,4.7,13.6,0.5,2.1,45
2025/05/31 17:37:00,42.3240,144.4560,20,6.0,88.8,5.8,4.1,294
2025/05/30 07:23:00,43.7100,147.1960,0,5.5,29.2,1.0,2.8,67
2025/05/29 15:29:00,36.0600,137.2860,12,4.5,239.7,7.6,4.3,163
2025/05/26 17:47:00,42.3290,143.0740,50,5.3,195.6,5.5,4.1,194
2025/05/26 09:56:00,38.5070,142.0190,32,4.5,210.6,3.5,3.8,97
2025/05/23 06:28:00,41.8500,142.6870,53,5.4,104.1,6.9,4.0,202
2025/05/19 12:14:00,37.1770,141.3160,7,4.7,14.3,0.6,2.2,81
2025/05/18 09:32:00,42.9920,146.6040,40,4.5,9.4,0.3,1.5,11
2025/05/15 22:06:00,42.8020,143.3240,95,4.7,67.8,2.7,3.5,115
2025/05/14 01:52:00,27.3930,140.3800,457,5.7,1.5,0.1,0.6,1
2025/05/13 10:37:00,37.1340,140.5210,79,4.6,102.1,3.4,3.7,162
2025/05/12 23:54:00,41.5770,142.0940,55,5.2,29.7,1.0,2.9,162
2025/04/18 23:39:00,36.4590,137.9110,13,4.5,106.8,3.3,3.3,78
2025/04/18 20:19:00,36.4650,137.9160,13,5.1,427.1,13.6,4.4,205
2025/04/13 18:13:00,47.8280,150.5570,418,5.5,6.9,0.3,1.5,46
2025/04/11 14:06:00,29.2010,130.4720,51,5.0,3.0,0.2,1.4,1
2025/04/09 00:26:00,24.7890,123.0920,119,5.4,18.3,0.9,2.5,4
2025/04/08 19:26:00,34.9290,137.1060,36,4.6,79.8,1.8,3.1,184
2025/04/07 09:52:00,35.8340,140.8960,32,4.8,25.8,0.9,2.3,54
2025/04/02 23:04:00,31.0410,131.5240,36,6.1,157.4,9.9,4.4,160
2025/03/30 22:55:00,41.9900,142.7290,55,4.6,12.8,0.4,1.8,41
2025/03/30 10:18:00,34.6640,140.8280,69,4.9,24.3,1.2,2.7,48
2025/03/29 04:45:00,31.0860,131.5140,33,4.6,25.1,1.1,2.6,25
2025/03/19 13:25:00,37.1120,136.6430,6,4.7,159.7,4.4,3.9,58
2025/03/18 05:00:00,32.4950,130.5570,10,4.8,223.4,10.0,4.1,113
2025/03/11 11:10:00,28.7610,130.3320,62,5.2,7.9,0.6,2.2,4
2025/03/09 14:57:00,28.7140,130.1620,55,4.9,4.7,0.3,1.6,1
2025/03/09 13:20:00,28.7330,130.1920,57,4.5,4.2,0.3,1.5,1
2025/03/09 08:43:00,28.7160,130.2750,63,5.9,12.7,0.9,2.6,11
2025/03/09 03:54:00,28.6960,130.2520,62,5.8,81.9,6.5,4.3,6
2025/03/08 16:12:00,40.0940,142.4110,39,5.0,19.4,0.6,2.2,104
2025/02/26 14:53:00,33.6020,136.4000,398,5.9,10.1,0.5,1.7,124
2025/02/24 04:09:00,36.9290,136.3830,9,4.9,38.0,1.1,2.9,72
2025/02/24 04:08:00,34.7290,140.2450,88,4.7,83.7,3.4,3.6,178
2025/02/23 13:08:00,37.9950,141.7370,56,4.6,38.3,0.9,2.6,120
2025/02/21 22:01:00,37.5120,141.4400,49,4.9,165.9,4.2,3.9,207
2025/02/17 13:04:00,27.0930,127.2890,92,4.6,3.5,0.2,1.1,4
2025/02/13 06:04:00,38.3490,142.0460,52,4.9,109.5,1.7,3.0,152
2025/02/12 23:37:00,39.0900,141.8620,65,4.7,117.7,2.2,3.3,122
2025/02/10 23:16:00,41.6590,141.3570,90,5.0,20.8,0.6,2.2,136
2025/02/07 12:36:00,43.1950,142.8220,156,4.8,14.2,0.7,2.3,116
2025/02/04 04:15:00,28.7090,130.8420,83,5.2,12.4,0.7,2.2,21
2025/01/27 01:31:00,25.1310,125.5870,31,4.9,12.3,0.5,2.0,2
2025/01/23 08:09:00,36.9720,139.3810,3,4.7,425.9,7.4,4.2,100
2025/01/23 02:49:00,36.9740,139.3830,4,5.2,513.6,10.1,4.7,186
2025/01/16 07:38:00,41.5600,142.1240,53,4.8,17.4,0.6,2.1,108
2025/01/15 02:12:00,31.7650,131.8500,29,5.4,48.3,3.3,3.5,119
2025/01/14 01:15:00,31.9390,131.8820,28,5.0,35.3,2.4,3.3,100
2025/01/13 21:19:00,31.8250,131.5720,36,6.6,195.8,15.9,4.7,367
2025/01/07 17:31:00,31.7890,138.6180,381,5.6,13.8,0.9,2.4,165
2025/01/06 18:22:00,32.5340,132.1150,30,4.5,27.3,0.8,2.3,61
2024/12/28 04:10:00,37.3400,141.5830,43,5.3,44.8,1.5,3.0,218
2024/12/27 21:47:00,46.3350,151.4780,210,6.8,11.7,0.5,1.9,147
2024/12/27 20:47:00,28.1240,128.0800,9,4.5,1.9,0.1,0.3,1
2024/12/22 16:55:00,31.9200,130.7340,171,4.7,19.6,0.9,2.4,109
2024/12/17 13:09:00,31.1040,130.3620,164,5.2,26.6,0.9,2.5,83
2024/12/10 05:33:00,35.1640,140.5760,53,4.8,14.8,0.7,2.2,76
2024/12/06 14:26:00,31.8240,131.6370,34,4.5,19.1,1.2,2.7,49
2024/11/30 18:07:00,23.9080,123.3870,28,5.3,2.7,0.2,1.0,1
2024/11/30 17:46:00,25.3260,125.9950,70,5.8,17.2,1.3,2.3,9
2024/11/30 09:52:00,37.0600,136.4200,8,4.9,32.1,1.4,2.7,63
2024/11/28 17:31:00,36.9270,136.3930,10,4.7,160.3,4.3,4.0,64
2024/11/27 02:19:00,37.0350,136.4230,10,4.8,32.5,1.2,2.8,56
2024/11/26 23:52:00,37.0090,136.4160,11,4.9,109.2,3.1,3.3,76
2024/11/26 22:51:00,37.0050,136.4430,9,4.5,14.4,0.8,1.8,32
2024/11/26 22:47:00,37.0050,136.4000,7,6.6,278.8,12.3,4.8,458
2024/11/26 13:31:00,38.7240,142.2560,43,5.4,105.8,1.3,3.1,208
2024/11/24 08:22:00,40.1240,142.4720,39,5.0,115.6,2.9,3.9,137
2024/11/20 17:09:00,37.9790,141.8090,60,4.8,37.2,0.7,2.3,111
2024/11/20 15:40:00,41.0320,141.0640,10,5.1,192.9,5.8,4.1,126
2024/11/20 03:36:00,34.1820,138.4810,253,5.0,23.6,0.8,2.6,167
2024/11/17 21:16:00,29.0590,131.3520,80,5.9,14.2,0.9,2.5,70
2024/11/16 21:22:00,41.0300,141.0820,8,4.6,130.4,5.5,3.6,95
2024/11/16 02:58:00,35.8300,140.9010,33,4.9,25.2,1.6,2.5,71
2024/11/16 00:40:00,36.0170,141.2050,13,4.5,22.2,0.6,2.1,59
2024/11/01 23:16:00,35.8990,140.8550,40,4.6,59.3,2.2,2.5,82
2024/11/01 13:18:00,29.2760,130.4070,64,4.6,1.3,0.1,0.7,1
2024/10/25 20:17:00,37.0650,142.0450,24,4.6,4.0,0.1,1.1,35
2024/10/25 15:31:00,43.2590,146.6290,66,4.5,19.0,0.4,1.9,31
2024/10/20 08:37:00,42.8840,146.5890,18,4.5,7.5,0.3,1.6,10
2024/10/18 13:38:00,40.1290,142.4160,40,5.4,58.8,1.5,3.1,154
2024/10/14 19:46:00,35.5520,140.0880,71,4.5,48.0,1.9,3.0,204
2024/10/11 09:15:00,24.1980,124.2040,13,4.9,35.1,1.5,2.7,2
2024/09/26 16:01:00,42.7740,145.1160,59,5.7,233.1,8.2,4.3,241
2024/09/20 21:22:00,33.2640,132.3170,41,4.7,141.8,4.2,3.8,200
2024/09/19 05:46:00,43.2220,146.1060,76,4.6,37.0,1.0,2.7,41
2024/09/16 23:13:00,31.5690,131.8520,22,5.3,26.8,1.7,2.9,87
2024/09/14 08:03:00,29.7630,131.0290,52,5.7,19.3,1.6,2.6,74
2024/09/08 10:41:00,37.5090,141.8910,55,4.6,28.8,0.6,2.2,97
2024/09/08 07:51:00,39.8550,143.1610,18,4.7,10.3,0.3,1.7,56
2024/09/07 22:42:00,32.2580,137.8880,399,5.3,10.6,0.4,1.9,139
2024/08/31 22:04:00,31.9200,131.9090,28,4.7,25.8,1.6,3.0,73
2024/08/20 17:24:00,43.9590,147.4310,95,4.8,8.7,0.3,1.8,29
2024/08/20 08:02:00,42.9140,144.1420,114,4.5,69.5,1.8,3.1,69
2024/08/19 00:50:00,36.7140,140.6230,8,5.1,332.8,10.1,4.4,199
2024/08/19 00:48:00,36.7200,140.6280,7,4.8,206.9,5.6,3.8,124
2024/08/17 09:33:00,38.5300,141.8310,49,4.6,105.6,1.4,3.1,105
2024/08/17 00:57:00,43.9340,146.5870,83,4.6,6.5,0.2,1.5,24
2024/08/11 07:42:00,31.8290,131.6470,32,4.5,18.7,1.4,2.7,62
2024/08/10 12:29:00,46.7950,145.0090,447,6.7,17.2,0.9,2.6,248
2024/08/09 19:57:00,35.4070,139.1630,13,5.3,439.4,14.2,4.8,304
2024/08/09 04:23:00,31.8090,131.6500,26,5.4,38.3,2.3,3.3,130
2024/08/08 17:35:00,31.6430,131.8140,19,4.6,7.7,0.4,1.7,32
2024/08/08 16:43:00,31.7330,131.7240,31,7.1,403.3,35.9,5.5,347
2024/08/04 22:19:00,42.9790,145.2420,72,4.7,99.9,1.9,3.4,83
2024/07/31 01:47:00,35.6790,139.5800,121,4.7,95.6,3.2,3.7,241
2024/07/30 01:25:00,32.1440,131.6120,48,5.1,179.1,5.4,4.1,154
2024/07/28 19:13:00,39.4740,143.6020,7,5.5,5.5,0.5,2.0,78
2024/07/25 16:26:00,38.3620,141.6670,60,4.5,42.6,0.8,2.5,111
2024/07/23 08:27:00,38.2140,141.8070,66,4.7,110.8,3.9,3.6,133
2024/07/22 10:07:00,36.7750,140.7460,89,4.8,87.1,3.1,3.5,225
2024/07/21 13:27:00,42.7020,145.5260,28,5.4,51.3,1.1,2.9,63
2024/07/21 05:46:00,38.6850,141.9520,57,4.6,95.9,1.2,2.7,127
2024/07/20 20:15:00,36.7370,141.5530,36,5.0,21.6,1.0,2.7,134
2024/07/18 20:07:00,33.5640,140.2450,100,5.7,62.8,3.0,3.3,233
2024/07/13 08:18:00,25.0960,128.1540,69,5.3,4.2,0.1,0.7,6
2024/07/11 12:01:00,37.0050,137.5180,16,4.7,123.3,3.5,3.2,112
2024/07/08 05:02:00,27.0360,139.2830,598,6.4,3.2,0.3,1.3,41
2024/07/06 19:21:00,33.5200,140.4810,57,4.8,7.3,0.3,1.5,7
2024/07/04 12:12:00,35.2050,140.4660,49,5.2,117.2,8.0,4.0,199
2024/06/28 11:30:00,27.2960,128.8620,30,4.8,18.6,0.7,2.4,4
2024/06/28 10:46:00,37.5870,141.8860,43,4.8,12.5,0.5,1.9,72
2024/06/28 04:27:00,27.3190,128.8700,30,4.9,24.4,1.0,2.6,5
2024/06/27 18:45:00,37.5120,141.4060,50,4.5,47.6,1.0,2.2,106
2024/06/25 17:31:00,33.5460,141.2480,44,5.5,10.2,0.5,2.1,93
2024/06/23 12:12:00,37.0590,141.2000,49,4.9,168.5,4.2,3.5,218
2024/06/20 14:37:00,40.1270,142.4870,38,4.7,36.8,0.9,2.7,100
2024/06/17 15:57:00,31.4940,131.8340,21,4.6,28.8,1.7,3.0,54
2024/06/11 19:33:00,40.1540,138.9880,23,4.8,19.7,0.5,2.1,62
2024/06/06 11:12:00,28.0030,130.2570,32,4.7,3.2,0.2,1.5,1
2024/06/06 09:03:00,35.6300,140.6910,50,4.6,23.6,1.6,2.7,62
2024/06/03 06:40:00,37.4600,137.3500,14,5.0,151.4,5.7,4.3,89
2024/06/03 06:31:00,37.4640,137.3050,14,6.0,571.8,35.5,5.4,308
2024/06/01 04:02:00,33.2120,132.3570,39,4.5,146.5,5.2,3.9,160
2024/05/31 04:46:00,32.5800,130.6490,13,4.7,160.3,5.3,3.8,136
2024/05/30 02:14:00,32.3060,137.7900,405,5.5,11.7,0.4,2.0,141
2024/05/26 00:55:00,36.1540,140.0960,66,4.7,60.4,2.6,3.1,241
2024/05/23 20:00:00,43.0790,145.5660,48,4.6,104.1,2.3,3.3,32
2024/05/19 00:46:00,37.1570,141.4880,42,4.5,31.9,1.0,2.4,110
2024/05/18 09:55:00,35.9220,141.0430,15,4.5,43.9,1.6,3.0,99
2024/05/11 09:47:00,41.7540,144.2340,17,4.9,6.1,0.4,1.8,28
2024/04/29 01:16:00,37.3150,141.3210,32,4.6,59.7,1.0,2.6,118
2024/04/28 09:25:00,40.1490,138.9800,23,4.6,10.4,0.3,1.5,37
2024/04/27 17:36:00,27.8990,139.8010,515,6.7,21.4,1.4,2.6,145
2024/04/24 20:40:00,36.4450,140.6180,55,5.1,297.2,6.6,4.0,264
2024/04/17 23:19:00,33.2170,132.4010,41,5.1,155.4,5.9,4.1,171
2024/04/17 23:14:00,33.1970,132.4100,39,6.6,558.3,53.1,5.9,467
2024/04/16 07:38:00,29.4530,131.7400,70,5.6,7.5,0.4,1.7,40
2024/04/12 18:00:00,28.3960,129.1950,41,4.9,65.0,0.9,2.7,7
2024/04/08 13:57:00,32.1300,131.9120,28,4.5,33.1,0.6,2.2,53
2024/04/08 10:25:00,31.5860,131.4790,39,5.1,133.2,8.0,4.4,87
2024/04/06 09:12:00,40.8650,143.4020,17,5.5,10.2,1.0,2.5,116
2024/04/05 20:03:00,19.6330,145.5030,250,6.8,1.7,0.3,1.1,2
2024/04/05 05:32:00,41.9370,142.4510,66,5.0,31.0,1.7,3.0,171
2024/04/04 12:16:00,37.7270,141.8650,44,6.3,189.6,7.2,4.4,504
2024/04/03 09:11:00,24.0930,121.6790,15,6.6,1.4,0.2,0.9,1
2024/04/03 08:58:00,23.8280,121.5990,23,7.7,20.0,2.0,2.9,5
2024/04/02 04:24:00,40.1300,141.7160,71,6.0,411.1,15.0,4.8,392
2024/03/23 08:31:00,35.6790,136.6330,14,4.6,468.9,6.4,4.1,227
2024/03/21 09:08:00,36.0450,139.8900,46,5.3,269.2,10.0,4.3,335
2024/03/19 10:15:00,41.6900,143.8240,21,4.6,9.2,0.3,1.6,18
2024/03/17 06:17:00,37.1520,141.4500,44,5.4,91.2,3.2,3.5,311
2024/03/15 20:04:00,28.5010,130.2040,35,4.9,11.2,0.7,2.3,2
2024/03/15 19:34:00,28.5360,130.1000,31,4.7,1.9,0.1,0.4,1
2024/03/15 19:32:00,28.4890,130.2040,40,5.6,73.3,5.8,4.1,4
2024/03/15 00:14:00,37.0690,141.1660,50,5.8,342.9,11.7,4.6,444
2024/03/13 20:24:00,37.0900,141.1330,51,4.7,69.0,1.9,3.2,118
2024/03/09 14:18:00,41.9270,142.3490,71,4.6,55.4,2.3,3.1,117
2024/03/03 17:32:00,41.1970,142.0660,56,4.8,36.8,0.8,2.4,91
2024/03/02 01:49:00,35.3120,140.3500,26,5.0,119.2,4.3,3.5,127
2024/03/01 05:43:00,35.4320,140.5530,31,5.3,117.0,4.3,3.5,190
2024/02/29 18:35:00,35.3920,140.5560,27,4.9,33.9,2.8,3.2,110
2024/02/29 16:27:00,35.3840,140.5550,29,4.6,48.7,1.5,2.6,88
2024/02/29 12:30:00,35.3370,140.5600,28,4.5,18.5,1.1,2.3,36
2024/02/29 11:13:00,35.3850,140.5630,29,4.6,52.4,3.6,3.2,80
2024/02/28 22:43:00,41.9840,142.5470,67,4.5,16.8,0.6,2.2,99
2024/02/27 06:40:00,37.8250,141.7670,54,4.7,37.0,1.0,2.2,98
2024/02/26 15:24:00,33.6390,132.4730,47,5.1,140.5,6.3,3.9,264
2024/02/24 19:17:00,39.5420,143.5540,13,5.2,5.1,0.3,1.7,58
2024/02/17 20:47:00,40.0900,142.4470,38,4.5,14.7,0.4,2.0,81
2024/02/15 15:29:00,37.5500,137.6200,16,5.0,37.0,1.6,2.9,119
2024/02/15 12:48:00,37.8770,137.7600,21,4.9,26.1,1.9,3.0,100
2024/02/14 10:32:00,37.2120,136.7880,11,4.5,132.6,4.4,3.8,49
2024/02/11 12:36:00,37.4300,137.1800,15,4.7,203.8,6.4,4.2,90
2024/02/09 17:42:00,34.9570,139.2310,172,4.9,16.2,0.5,2.1,181
2024/02/07 06:08:00,37.7290,137.5860,20,5.2,96.7,3.4,3.7,159
2024/02/05 17:30:00,30.7610,131.4850,42,4.7,5.3,0.3,1.6,18
2024/02/01 08:07:00,37.3400,136.7800,12,4.5,81.6,2.8,3.2,50
2024/01/28 08:59:00,35.6340,140.0210,73,4.7,144.6,5.8,4.1,265
2024/01/25 13:29:00,43.1520,145.7940,46,4.8,68.7,1.9,3.3,51
2024/01/24 06:33:00,42.4770,145.0410,25,5.1,11.4,0.4,1.9,57
2024/01/16 18:42:00,37.1820,136.7550,3,4.8,135.3,10.3,4.5,74
2024/01/13 13:47:00,24.4890,124.0990,49,4.7,72.7,1.0,2.4,5
2024/01/12 21:10:00,37.1640,136.7530,5,4.5,81.0,1.8,2.9,30
2024/01/12 17:29:00,37.4590,137.2680,13,4.5,84.2,2.7,3.5,30
2024/01/09 17:59:00,37.9070,137.7660,27,6.1,175.4,6.6,4.4,311
2024/01/07 21:38:00,37.1750,136.8160,12,4.7,351.1,14.9,4.6,106
2024/01/07 15:26:00,37.2090,136.7210,11,4.5,194.4,6.2,3.8,64
2024/01/07 14:38:00,37.4500,137.2830,14,4.6,306.5,12.1,4.6,53
2024/01/06 05:26:00,37.2140,136.8350,12,5.4,572.6,32.2,5.1,196
2024/01/06 01:59:00,37.3590,136.7280,12,4.6,198.3,7.0,3.7,43
2024/01/04 17:16:00,37.7090,137.5280,20,5.0,47.1,2.8,3.0,90
2024/01/04 04:38:00,37.8140,137.8510,18,4.9,37.8,1.2,2.7,75
2024/01/04 00:36:00,37.4570,137.1300,11,4.9,184.1,8.7,4.1,90
2024/01/03 18:48:00,37.3190,136.8060,12,4.8,187.0,7.9,4.0,68
2024/01/03 12:54:00,37.6440,137.6100,23,5.0,139.8,4.3,4.0,124
2024/01/03 10:54:00,37.3700,136.8750,13,5.6,627.8,31.4,5.1,178
2024/01/03 02:21:00,37.4790,137.3060,12,4.9,678.3,28.0,5.3,105
2024/01/02 17:13:00,37.1350,136.6360,6,4.6,865.4,26.1,5.4,55
2024/01/02 15:57:00,37.1950,136.7000,6,4.5,197.1,8.4,4.1,52
2024/01/02 10:17:00,37.2190,136.7250,10,5.6,283.4,21.1,5.1,188
2024/01/02 09:14:00,37.4320,137.2130,14,4.5,165.2,7.1,4.0,73
2024/01/02 07:13:00,37.3170,136.9260,11,4.5,95.6,2.9,3.4,61
2024/01/02 04:42:00,37.2540,136.6800,12,4.9,114.8,6.2,3.8,101
2024/01/02 04:27:00,37.0690,136.5780,9,4.7,75.2,3.9,3.6,64
2024/01/02 02:33:00,37.6340,137.4280,11,4.6,43.0,2.1,3.0,63
